id,minute,result,X,Y,xG,player,h_a,player_id,situation,season,shotType,match_id,h_team,a_team,h_goals,a_goals,date,player_assisted,lastAction
532407,8,BlockedShot,0.8530000305175781,0.31799999237060544,0.017635487020015717,Dejan Kulusevski,a,6691,FromCorner,2023,LeftFoot,22282,Brentford,Tottenham,2,2,2023-08-13 13:00:00,Richarlison,Aerial
532409,10,Goal,0.9569999694824218,0.504000015258789,0.5806849598884583,Cristian Romero,a,7218,SetPiece,2023,Head,22282,Brentford,Tottenham,2,2,2023-08-13 13:00:00,James Maddison,Cross
532414,27,MissedShots,0.4979999923706055,0.5,0.006573145277798176,Yves Bissouma,a,5609,OpenPlay,2023,RightFoot,22282,Brentford,Tottenham,2,2,2023-08-13 13:00:00,,None
532417,41,BlockedShot,0.710999984741211,0.515,0.015123272314667702,Yves Bissouma,a,5609,OpenPlay,2023,RightFoot,22282,Brentford,Tottenham,2,2,2023-08-13 13:00:00,James Maddison,Pass
532418,43,BlockedShot,0.6990000152587891,0.5690000152587891,0.011871919967234135,Yves Bissouma,a,5609,OpenPlay,2023,RightFoot,22282,Brentford,Tottenham,2,2,2023-08-13 13:00:00,Iyenoma Destiny Udogie,HeadPass
532422,46,SavedShot,0.84,0.639000015258789,0.05840356647968292,James Maddison,a,6818,OpenPlay,2023,LeftFoot,22282,Brentford,Tottenham,2,2,2023-08-13 13:00:00,Dejan Kulusevski,Pass
532424,52,MissedShots,0.9069999694824219,0.28899999618530275,0.032361555844545364,Dejan Kulusevski,a,6691,FromCorner,2023,LeftFoot,22282,Brentford,Tottenham,2,2,2023-08-13 13:00:00,,None
532427,59,BlockedShot,0.8030000305175782,0.25799999237060545,0.015480125322937965,Dejan Kulusevski,a,6691,FromCorner,2023,LeftFoot,22282,Brentford,Tottenham,2,2,2023-08-13 13:00:00,,None
532430,60,BlockedShot,0.8130000305175781,0.34599998474121096,0.032210711389780045,James Maddison,a,6818,OpenPlay,2023,RightFoot,22282,Brentford,Tottenham,2,2,2023-08-13 13:00:00,Yves Bissouma,Pass
532431,63,SavedShot,0.915,0.345,0.08394410461187363,Richarlison,a,6026,OpenPlay,2023,RightFoot,22282,Brentford,Tottenham,2,2,2023-08-13 13:00:00,James Maddison,Pass
532435,88,BlockedShot,0.8669999694824219,0.5220000076293946,0.14155685901641846,Richarlison,a,6026,OpenPlay,2023,RightFoot,22282,Brentford,Tottenham,2,2,2023-08-13 13:00:00,James Maddison,Pass
533328,24,SavedShot,0.8680000305175781,0.295,0.04418836906552315,Dejan Kulusevski,h,6691,OpenPlay,2023,LeftFoot,22290,Tottenham,Manchester United,2,0,2023-08-19 16:30:00,Pape Sarr,Pass
533336,39,ShotOnPost,0.8290000152587891,0.48,0.07386350631713867,Pedro Porro,h,6912,OpenPlay,2023,RightFoot,22290,Tottenham,Manchester United,2,0,2023-08-19 16:30:00,Son Heung-Min,Pass
533337,42,SavedShot,0.7930000305175782,0.26,0.020551051944494247,Dejan Kulusevski,h,6691,OpenPlay,2023,LeftFoot,22290,Tottenham,Manchester United,2,0,2023-08-19 16:30:00,Richarlison,Pass
533338,44,MissedShots,0.91,0.5359999847412109,0.10360001772642136,Cristian Romero,h,7218,SetPiece,2023,Head,22290,Tottenham,Manchester United,2,0,2023-08-19 16:30:00,Pedro Porro,Cross
533342,52,SavedShot,0.92,0.67,0.09379340708255768,James Maddison,h,6818,OpenPlay,2023,RightFoot,22290,Tottenham,Manchester United,2,0,2023-08-19 16:30:00,,TakeOn
533344,59,MissedShots,0.7419999694824219,0.42900001525878906,0.021383769810199738,Yves Bissouma,h,5609,OpenPlay,2023,RightFoot,22290,Tottenham,Manchester United,2,0,2023-08-19 16:30:00,Dejan Kulusevski,Pass
533346,63,MissedShots,0.8619999694824219,0.6229999923706054,0.08964982628822327,Yves Bissouma,h,5609,OpenPlay,2023,RightFoot,22290,Tottenham,Manchester United,2,0,2023-08-19 16:30:00,Son Heung-Min,TakeOn
533349,82,MissedShots,0.9259999847412109,0.565,0.4568954110145569,Ben Davies,h,660,OpenPlay,2023,LeftFoot,22290,Tottenham,Manchester United,2,0,2023-08-19 16:30:00,Ivan Perisic,Pass
533353,92,BlockedShot,0.879000015258789,0.6140000152587891,0.12203878909349442,James Maddison,h,6818,OpenPlay,2023,RightFoot,22290,Tottenham,Manchester United,2,0,2023-08-19 16:30:00,Ivan Perisic,Pass
533354,92,BlockedShot,0.76,0.5940000152587891,0.01774829812347889,Ben Davies,h,660,OpenPlay,2023,RightFoot,22290,Tottenham,Manchester United,2,0,2023-08-19 16:30:00,,Rebound
534457,86,MissedShots,0.894000015258789,0.47900001525878905,0.07647287100553513,Dominic Solanke,h,1679,OpenPlay,2023,Head,22296,Bournemouth,Tottenham,0,2,2023-08-26 11:30:00,Max Aarons,Cross
534435,9,BlockedShot,0.8719999694824219,0.5720000076293945,0.10784514248371124,James Maddison,a,6818,OpenPlay,2023,LeftFoot,22296,Bournemouth,Tottenham,0,2,2023-08-26 11:30:00,Yves Bissouma,Pass
534436,14,SavedShot,0.9069999694824219,0.6459999847412109,0.33732619881629944,James Maddison,a,6818,OpenPlay,2023,RightFoot,22296,Bournemouth,Tottenham,0,2,2023-08-26 11:30:00,Son Heung-Min,Throughball
534437,14,SavedShot,0.9180000305175782,0.504000015258789,0.051003530621528625,Richarlison,a,6026,OpenPlay,2023,Head,22296,Bournemouth,Tottenham,0,2,2023-08-26 11:30:00,,Rebound
534438,16,Goal,0.9169999694824219,0.445,0.4495682418346405,James Maddison,a,6818,OpenPlay,2023,RightFoot,22296,Bournemouth,Tottenham,0,2,2023-08-26 11:30:00,Pape Sarr,Throughball
534441,22,BlockedShot,0.8480000305175781,0.3189999961853027,0.053511958569288254,Dejan Kulusevski,a,6691,OpenPlay,2023,LeftFoot,22296,Bournemouth,Tottenham,0,2,2023-08-26 11:30:00,Pape Sarr,Pass
534445,39,MissedShots,0.9819999694824219,0.40200000762939453,0.03988540917634964,Richarlison,a,6026,SetPiece,2023,Head,22296,Bournemouth,Tottenham,0,2,2023-08-26 11:30:00,James Maddison,Cross
534447,46,SavedShot,0.85,0.555,0.06266379356384277,Yves Bissouma,a,5609,SetPiece,2023,RightFoot,22296,Bournemouth,Tottenham,0,2,2023-08-26 11:30:00,,None
534451,62,Goal,0.9630000305175781,0.5629999923706055,0.609123945236206,Dejan Kulusevski,a,6691,OpenPlay,2023,LeftFoot,22296,Bournemouth,Tottenham,0,2,2023-08-26 11:30:00,Iyenoma Destiny Udogie,Pass
534453,69,MissedShots,0.8669999694824219,0.34299999237060547,0.1109456866979599,James Maddison,a,6818,OpenPlay,2023,RightFoot,22296,Bournemouth,Tottenham,0,2,2023-08-26 11:30:00,Dejan Kulusevski,Pass
534454,83,BlockedShot,0.8030000305175782,0.3729999923706055,0.04025860130786896,Pedro Porro,a,6912,OpenPlay,2023,RightFoot,22296,Bournemouth,Tottenham,0,2,2023-08-26 11:30:00,Dejan Kulusevski,Pass
534458,90,BlockedShot,0.7380000305175781,0.5779999923706055,0.05304351821541786,Pedro Porro,a,6912,DirectFreekick,2023,RightFoot,22296,Bournemouth,Tottenham,0,2,2023-08-26 11:30:00,,Standard
534459,90,MissedShots,0.740999984741211,0.5720000076293945,0.013769092038273811,Pedro Porro,a,6912,SetPiece,2023,RightFoot,22296,Bournemouth,Tottenham,0,2,2023-08-26 11:30:00,,Rebound
534460,94,MissedShots,0.8480000305175781,0.5329999923706055,0.10905590653419495,Ben Davies,a,660,OpenPlay,2023,LeftFoot,22296,Bournemouth,Tottenham,0,2,2023-08-26 11:30:00,Son Heung-Min,Pass
536260,29,SavedShot,0.865,0.5259999847412109,0.08067880570888519,James Maddison,a,6818,OpenPlay,2023,LeftFoot,21929,Burnley,Tottenham,2,5,2023-09-02 14:00:00,,Rebound
536261,34,SavedShot,0.8209999847412109,0.6580000305175782,0.02979249320924282,James Maddison,a,6818,OpenPlay,2023,RightFoot,21929,Burnley,Tottenham,2,5,2023-09-02 14:00:00,Pape Sarr,Pass
536262,34,BlockedShot,0.78,0.3110000038146973,0.017302751541137695,Pedro Porro,a,6912,OpenPlay,2023,RightFoot,21929,Burnley,Tottenham,2,5,2023-09-02 14:00:00,Dejan Kulusevski,Pass
536264,35,MissedShots,0.7730000305175782,0.3039999961853027,0.018711775541305542,Pedro Porro,a,6912,OpenPlay,2023,RightFoot,21929,Burnley,Tottenham,2,5,2023-09-02 14:00:00,Manor Solomon,Pass
536267,46,Goal,0.8130000305175781,0.37,0.037823647260665894,Cristian Romero,a,7218,FromCorner,2023,RightFoot,21929,Burnley,Tottenham,2,5,2023-09-02 14:00:00,,Rebound
536269,48,SavedShot,0.935,0.6980000305175781,0.10009489208459854,James Maddison,a,6818,OpenPlay,2023,RightFoot,21929,Burnley,Tottenham,2,5,2023-09-02 14:00:00,Manor Solomon,TakeOn
536271,53,Goal,0.799000015258789,0.5779999923706055,0.056399110704660416,James Maddison,a,6818,OpenPlay,2023,RightFoot,21929,Burnley,Tottenham,2,5,2023-09-02 14:00:00,Iyenoma Destiny Udogie,Pass
536274,60,SavedShot,0.7869999694824219,0.3579999923706055,0.026141352951526642,Yves Bissouma,a,5609,OpenPlay,2023,RightFoot,21929,Burnley,Tottenham,2,5,2023-09-02 14:00:00,,None
536275,61,MissedShots,0.7819999694824219,0.6619999694824219,0.022626960650086403,Yves Bissouma,a,5609,OpenPlay,2023,RightFoot,21929,Burnley,Tottenham,2,5,2023-09-02 14:00:00,Manor Solomon,Pass
536278,75,MissedShots,0.889000015258789,0.385,0.10438573360443115,Pedro Porro,a,6912,OpenPlay,2023,RightFoot,21929,Burnley,Tottenham,2,5,2023-09-02 14:00:00,Ivan Perisic,Cross
538600,17,MissedShots,0.9030000305175782,0.4909999847412109,0.024255745112895966,Cristian Romero,h,7218,FromCorner,2023,Head,21936,Tottenham,Sheffield United,2,1,2023-09-16 14:00:00,James Maddison,Aerial
538601,18,SavedShot,0.9490000152587891,0.5979999923706054,0.3459620773792267,Yves Bissouma,h,5609,OpenPlay,2023,LeftFoot,21936,Tottenham,Sheffield United,2,1,2023-09-16 14:00:00,Dejan Kulusevski,TakeOn
538604,23,SavedShot,0.774000015258789,0.40700000762939453,0.02782486192882061,James Maddison,h,6818,OpenPlay,2023,RightFoot,21936,Tottenham,Sheffield United,2,1,2023-09-16 14:00:00,Cristian Romero,Pass
538606,33,SavedShot,0.8069999694824219,0.629000015258789,0.03275980055332184,James Maddison,h,6818,OpenPlay,2023,LeftFoot,21936,Tottenham,Sheffield United,2,1,2023-09-16 14:00:00,Pape Sarr,Pass
538608,39,MissedShots,0.899000015258789,0.665,0.06932462751865387,James Maddison,h,6818,OpenPlay,2023,LeftFoot,21936,Tottenham,Sheffield United,2,1,2023-09-16 14:00:00,Manor Solomon,Pass
538609,41,BlockedShot,0.909000015258789,0.3029999923706055,0.05506981909275055,Dejan Kulusevski,h,6691,OpenPlay,2023,RightFoot,21936,Tottenham,Sheffield United,2,1,2023-09-16 14:00:00,Pedro Porro,Pass
538610,45,BlockedShot,0.885,0.2989999961853027,0.04098185896873474,Dejan Kulusevski,h,6691,SetPiece,2023,LeftFoot,21936,Tottenham,Sheffield United,2,1,2023-09-16 14:00:00,James Maddison,Pass
538614,56,BlockedShot,0.9269999694824219,0.3370000076293945,0.07700343430042267,Dejan Kulusevski,h,6691,OpenPlay,2023,RightFoot,21936,Tottenham,Sheffield United,2,1,2023-09-16 14:00:00,Pedro Porro,Pass
538615,60,MissedShots,0.865999984741211,0.46099998474121096,0.01872793585062027,Cristian Romero,h,7218,FromCorner,2023,Head,21936,Tottenham,Sheffield United,2,1,2023-09-16 14:00:00,Yves Bissouma,Chipped
538619,66,BlockedShot,0.86,0.27299999237060546,0.0322958305478096,Dejan Kulusevski,h,6691,OpenPlay,2023,LeftFoot,21936,Tottenham,Sheffield United,2,1,2023-09-16 14:00:00,Yves Bissouma,Pass
538620,67,BlockedShot,0.8330000305175781,0.3170000076293945,0.03545204550027847,Dejan Kulusevski,h,6691,OpenPlay,2023,LeftFoot,21936,Tottenham,Sheffield United,2,1,2023-09-16 14:00:00,James Maddison,Pass
538623,75,BlockedShot,0.759000015258789,0.41400001525878904,0.0234404057264328,Yves Bissouma,h,5609,OpenPlay,2023,RightFoot,21936,Tottenham,Sheffield United,2,1,2023-09-16 14:00:00,Pape Sarr,Pass
538626,88,MissedShots,0.9269999694824219,0.534000015258789,0.051656533032655716,Richarlison,h,6026,OpenPlay,2023,Head,21936,Tottenham,Sheffield United,2,1,2023-09-16 14:00:00,Pedro Porro,Aerial
538627,89,SavedShot,0.9369999694824219,0.325,0.06593164056539536,Dejan Kulusevski,h,6691,OpenPlay,2023,RightFoot,21936,Tottenham,Sheffield United,2,1,2023-09-16 14:00:00,Brennan Johnson,Pass
538628,90,MissedShots,0.81,0.35200000762939454,0.028006331995129585,Pedro Porro,h,6912,FromCorner,2023,RightFoot,21936,Tottenham,Sheffield United,2,1,2023-09-16 14:00:00,Dejan Kulusevski,Pass
538630,97,Goal,0.9569999694824218,0.5420000076293945,0.3379036784172058,Richarlison,h,6026,FromCorner,2023,Head,21936,Tottenham,Sheffield United,2,1,2023-09-16 14:00:00,Ivan Perisic,Aerial
538631,99,Goal,0.86,0.5420000076293945,0.10111131519079208,Dejan Kulusevski,h,6691,OpenPlay,2023,RightFoot,21936,Tottenham,Sheffield United,2,1,2023-09-16 14:00:00,Richarlison,Pass
539633,2,BlockedShot,0.8680000305175781,0.6840000152587891,0.048758991062641144,Brennan Johnson,a,10760,OpenPlay,2023,RightFoot,21952,Arsenal,Tottenham,2,2,2023-09-24 13:00:00,James Maddison,Pass
539634,2,MissedShots,0.8209999847412109,0.5629999923706055,0.038514234125614166,Yves Bissouma,a,5609,FromCorner,2023,RightFoot,21952,Arsenal,Tottenham,2,2,2023-09-24 13:00:00,,None
539641,25,OwnGoal,0.08300000190734863,0.5420000076293945,0.0,Cristian Romero,a,7218,OpenPlay,2023,LeftFoot,21952,Arsenal,Tottenham,2,2,2023-09-24 13:00:00,,None
539644,37,SavedShot,0.8969999694824219,0.5309999847412109,0.43069988489151,Brennan Johnson,a,10760,OpenPlay,2023,RightFoot,21952,Arsenal,Tottenham,2,2,2023-09-24 13:00:00,Son Heung-Min,Pass
539645,41,SavedShot,0.9380000305175781,0.575999984741211,0.4790627956390381,Brennan Johnson,a,10760,OpenPlay,2023,RightFoot,21952,Arsenal,Tottenham,2,2,2023-09-24 13:00:00,,None
539651,62,MissedShots,0.754000015258789,0.6040000152587891,0.016898861154913902,James Maddison,a,6818,OpenPlay,2023,RightFoot,21952,Arsenal,Tottenham,2,2,2023-09-24 13:00:00,Son Heung-Min,Pass
539657,94,BlockedShot,0.875,0.3770000076293945,0.09192495048046112,Richarlison,a,6026,OpenPlay,2023,LeftFoot,21952,Arsenal,Tottenham,2,2,2023-09-24 13:00:00,Dejan Kulusevski,Pass
539658,95,SavedShot,0.8209999847412109,0.49599998474121093,0.05570416525006294,Richarlison,a,6026,OpenPlay,2023,RightFoot,21952,Arsenal,Tottenham,2,2,2023-09-24 13:00:00,,None
539659,99,BlockedShot,0.85,0.42700000762939455,0.07698847353458405,Richarlison,a,6026,OpenPlay,2023,RightFoot,21952,Arsenal,Tottenham,2,2,2023-09-24 13:00:00,Dejan Kulusevski,Pass
541471,7,BlockedShot,0.8719999694824219,0.27600000381469725,0.035813093185424805,Dejan Kulusevski,h,6691,OpenPlay,2023,LeftFoot,21962,Tottenham,Liverpool,2,1,2023-09-30 16:30:00,Pedro Porro,Pass
541477,28,BlockedShot,0.9290000152587891,0.33299999237060546,0.07769901305437088,Dejan Kulusevski,h,6691,OpenPlay,2023,LeftFoot,21962,Tottenham,Liverpool,2,1,2023-09-30 16:30:00,James Maddison,TakeOn
541478,29,SavedShot,0.779000015258789,0.40299999237060546,0.02903481386601925,James Maddison,h,6818,OpenPlay,2023,LeftFoot,21962,Tottenham,Liverpool,2,1,2023-09-30 16:30:00,Pedro Porro,Pass
541479,32,MissedShots,0.9,0.6630000305175782,0.07986857742071152,Richarlison,h,6026,OpenPlay,2023,LeftFoot,21962,Tottenham,Liverpool,2,1,2023-09-30 16:30:00,Dejan Kulusevski,Pass
541482,40,SavedShot,0.9219999694824219,0.6370000076293946,0.11204081028699875,Richarlison,h,6026,OpenPlay,2023,LeftFoot,21962,Tottenham,Liverpool,2,1,2023-09-30 16:30:00,Son Heung-Min,Pass
541489,48,BlockedShot,0.8080000305175781,0.46,0.04726774990558624,Richarlison,h,6026,OpenPlay,2023,RightFoot,21962,Tottenham,Liverpool,2,1,2023-09-30 16:30:00,,None
541490,48,SavedShot,0.7909999847412109,0.3370000076293945,0.023555323481559753,James Maddison,h,6818,OpenPlay,2023,LeftFoot,21962,Tottenham,Liverpool,2,1,2023-09-30 16:30:00,Cristian Romero,Pass
541486,51,BlockedShot,0.8109999847412109,0.38799999237060545,0.0365469753742218,Cristian Romero,h,7218,OpenPlay,2023,RightFoot,21962,Tottenham,Liverpool,2,1,2023-09-30 16:30:00,Dejan Kulusevski,Pass
541492,51,BlockedShot,0.9159999847412109,0.54,0.03217387571930885,Cristian Romero,h,7218,FromCorner,2023,Head,21962,Tottenham,Liverpool,2,1,2023-09-30 16:30:00,James Maddison,Aerial
541494,60,BlockedShot,0.7980000305175782,0.46,0.040345653891563416,Yves Bissouma,h,5609,FromCorner,2023,RightFoot,21962,Tottenham,Liverpool,2,1,2023-09-30 16:30:00,Dejan Kulusevski,Pass
541495,72,BlockedShot,0.79,0.6919999694824219,0.018690409138798714,James Maddison,h,6818,OpenPlay,2023,RightFoot,21962,Tottenham,Liverpool,2,1,2023-09-30 16:30:00,Manor Solomon,Pass
541498,78,BlockedShot,0.7830000305175782,0.31799999237060544,0.021993573755025864,Pedro Porro,h,6912,OpenPlay,2023,LeftFoot,21962,Tottenham,Liverpool,2,1,2023-09-30 16:30:00,James Maddison,Pass
541500,79,MissedShots,0.909000015258789,0.495,0.4225606620311737,Richarlison,h,6026,OpenPlay,2023,RightFoot,21962,Tottenham,Liverpool,2,1,2023-09-30 16:30:00,,Rebound
541501,85,MissedShots,0.7609999847412109,0.40700000762939453,0.022022392600774765,Yves Bissouma,h,5609,OpenPlay,2023,RightFoot,21962,Tottenham,Liverpool,2,1,2023-09-30 16:30:00,Manor Solomon,Pass
541502,88,BlockedShot,0.779000015258789,0.534000015258789,0.032721951603889465,James Maddison,h,6818,OpenPlay,2023,RightFoot,21962,Tottenham,Liverpool,2,1,2023-09-30 16:30:00,Dejan Kulusevski,Pass
541503,91,SavedShot,0.914000015258789,0.5790000152587891,0.08731226623058319,Richarlison,h,6026,OpenPlay,2023,Head,21962,Tottenham,Liverpool,2,1,2023-09-30 16:30:00,Pedro Porro,Cross
542402,2,MissedShots,0.9780000305175781,0.5570000076293945,0.5985307693481445,Richarlison,a,6026,OpenPlay,2023,LeftFoot,21971,Luton,Tottenham,0,1,2023-10-07 11:30:00,Dejan Kulusevski,Cross
542403,3,SavedShot,0.914000015258789,0.6029999923706054,0.38753989338874817,Richarlison,a,6026,OpenPlay,2023,RightFoot,21971,Luton,Tottenham,0,1,2023-10-07 11:30:00,James Maddison,Throughball
542405,6,MissedShots,0.885,0.4640000152587891,0.3930121958255768,Pedro Porro,a,6912,OpenPlay,2023,RightFoot,21971,Luton,Tottenham,0,1,2023-10-07 11:30:00,Son Heung-Min,Throughball
542409,18,MissedShots,0.7569999694824219,0.6809999847412109,0.016167113557457924,Richarlison,a,6026,OpenPlay,2023,RightFoot,21971,Luton,Tottenham,0,1,2023-10-07 11:30:00,,BallRecovery
542413,29,SavedShot,0.8780000305175781,0.325,0.05967492237687111,Dejan Kulusevski,a,6691,OpenPlay,2023,LeftFoot,21971,Luton,Tottenham,0,1,2023-10-07 11:30:00,Pape Sarr,Pass
542414,29,MissedShots,0.9640000152587891,0.6020000076293945,0.01662948541343212,Richarlison,a,6026,FromCorner,2023,Head,21971,Luton,Tottenham,0,1,2023-10-07 11:30:00,James Maddison,Aerial
542415,32,MissedShots,0.750999984741211,0.39799999237060546,0.05829866603016853,James Maddison,a,6818,DirectFreekick,2023,RightFoot,21971,Luton,Tottenham,0,1,2023-10-07 11:30:00,,Standard
542416,46,MissedShots,0.855,0.524000015258789,0.08481843769550323,James Maddison,a,6818,OpenPlay,2023,RightFoot,21971,Luton,Tottenham,0,1,2023-10-07 11:30:00,Son Heung-Min,Pass
542421,61,MissedShots,0.8419999694824218,0.31,0.05205687880516052,Pedro Porro,a,6912,OpenPlay,2023,RightFoot,21971,Luton,Tottenham,0,1,2023-10-07 11:30:00,Pape Sarr,Pass
545033,8,BlockedShot,0.8159999847412109,0.35200000762939454,0.030791087076067924,Dejan Kulusevski,h,6691,SetPiece,2023,LeftFoot,21984,Tottenham,Fulham,2,0,2023-10-23 19:00:00,James Maddison,Pass
545038,29,MissedShots,0.8269999694824218,0.5,0.11034219712018967,Richarlison,h,6026,OpenPlay,2023,RightFoot,21984,Tottenham,Fulham,2,0,2023-10-23 19:00:00,Dejan Kulusevski,Pass
545040,33,SavedShot,0.884000015258789,0.745999984741211,0.03381045535206795,James Maddison,h,6818,OpenPlay,2023,RightFoot,21984,Tottenham,Fulham,2,0,2023-10-23 19:00:00,Son Heung-Min,Pass
545043,39,BlockedShot,0.8719999694824219,0.44799999237060545,0.09971380978822708,Dejan Kulusevski,h,6691,OpenPlay,2023,RightFoot,21984,Tottenham,Fulham,2,0,2023-10-23 19:00:00,Pape Sarr,Rebound
545044,39,BlockedShot,0.710999984741211,0.515,0.013516165316104889,Pedro Porro,h,6912,FromCorner,2023,RightFoot,21984,Tottenham,Fulham,2,0,2023-10-23 19:00:00,,None
545046,51,MissedShots,0.8580000305175781,0.6329999923706054,0.08475019782781601,Richarlison,h,6026,OpenPlay,2023,RightFoot,21984,Tottenham,Fulham,2,0,2023-10-23 19:00:00,Son Heung-Min,Pass
545047,53,Goal,0.9159999847412109,0.610999984741211,0.3766724467277527,James Maddison,h,6818,OpenPlay,2023,RightFoot,21984,Tottenham,Fulham,2,0,2023-10-23 19:00:00,Son Heung-Min,Pass
545049,74,BlockedShot,0.9180000305175782,0.5929999923706055,0.4514014422893524,James Maddison,h,6818,OpenPlay,2023,RightFoot,21984,Tottenham,Fulham,2,0,2023-10-23 19:00:00,,BallRecovery
545050,74,BlockedShot,0.9330000305175781,0.7080000305175781,0.03410617262125015,Richarlison,h,6026,OpenPlay,2023,LeftFoot,21984,Tottenham,Fulham,2,0,2023-10-23 19:00:00,,Rebound
545153,15,MissedShots,0.710999984741211,0.5790000152587891,0.04019181430339813,Yves Bissouma,a,5609,DirectFreekick,2023,RightFoot,21990,Crystal Palace,Tottenham,1,2,2023-10-27 19:00:00,,Standard
545154,16,MissedShots,0.935,0.6469999694824219,0.04822104796767235,James Maddison,a,6818,OpenPlay,2023,RightFoot,21990,Crystal Palace,Tottenham,1,2,2023-10-27 19:00:00,Richarlison,HeadPass
545155,19,MissedShots,0.7959999847412109,0.6769999694824219,0.023988788947463036,Richarlison,a,6026,OpenPlay,2023,RightFoot,21990,Crystal Palace,Tottenham,1,2,2023-10-27 19:00:00,James Maddison,Pass
545162,52,MissedShots,0.9440000152587891,0.3370000076293945,0.06148606166243553,James Maddison,a,6818,OpenPlay,2023,RightFoot,21990,Crystal Palace,Tottenham,1,2,2023-10-27 19:00:00,,None
545168,74,BlockedShot,0.7959999847412109,0.4329999923706055,0.025030797347426414,Pedro Porro,a,6912,OpenPlay,2023,RightFoot,21990,Crystal Palace,Tottenham,1,2,2023-10-27 19:00:00,,Rebound
545169,79,BlockedShot,0.7219999694824218,0.37,0.023499079048633575,Dejan Kulusevski,a,6691,OpenPlay,2023,LeftFoot,21990,Crystal Palace,Tottenham,1,2,2023-10-27 19:00:00,Son Heung-Min,Pass
545172,90,BlockedShot,0.805,0.605999984741211,0.023269250988960266,Rodrigo Bentancur,a,6108,OpenPlay,2023,RightFoot,21990,Crystal Palace,Tottenham,1,2,2023-10-27 19:00:00,,Rebound
547902,5,Goal,0.855999984741211,0.3370000076293945,0.051030877977609634,Dejan Kulusevski,h,6691,OpenPlay,2023,LeftFoot,22004,Tottenham,Chelsea,1,4,2023-11-06 20:00:00,Pape Sarr,Pass
547903,6,SavedShot,0.8159999847412109,0.345,0.06735779345035553,Pedro Porro,h,6912,OpenPlay,2023,LeftFoot,22004,Tottenham,Chelsea,1,4,2023-11-06 20:00:00,,TakeOn
547915,53,BlockedShot,0.8619999694824219,0.3940000152587891,0.06910061091184616,Yves Bissouma,h,5609,OpenPlay,2023,RightFoot,22004,Tottenham,Chelsea,1,4,2023-11-06 20:00:00,Dejan Kulusevski,TakeOn
547921,85,MissedShots,0.9619999694824218,0.47400001525878904,0.5478523373603821,Rodrigo Bentancur,h,6108,SetPiece,2023,Head,22004,Tottenham,Chelsea,1,4,2023-11-06 20:00:00,Pedro Porro,Cross
548124,2,Goal,0.9630000305175781,0.5059999847412109,0.14032123982906342,Brennan Johnson,a,10760,OpenPlay,2023,LeftFoot,22014,Wolverhampton Wanderers,Tottenham,2,1,2023-11-11 12:30:00,Pedro Porro,Cross
548134,50,MissedShots,0.9230000305175782,0.44299999237060544,0.08245792239904404,Ben Davies,a,660,FromCorner,2023,Head,22014,Wolverhampton Wanderers,Tottenham,2,1,2023-11-11 12:30:00,Pedro Porro,Cross
548139,55,BlockedShot,0.84,0.2879999923706055,0.035780638456344604,Dejan Kulusevski,a,6691,OpenPlay,2023,LeftFoot,22014,Wolverhampton Wanderers,Tottenham,2,1,2023-11-11 12:30:00,Son Heung-Min,Pass
548141,71,MissedShots,0.740999984741211,0.5220000076293946,0.026375535875558853,Brennan Johnson,a,10760,OpenPlay,2023,RightFoot,22014,Wolverhampton Wanderers,Tottenham,2,1,2023-11-11 12:30:00,Pierre-Emile Højbjerg,Pass
550287,2,ShotOnPost,0.9180000305175782,0.4259999847412109,0.4213041067123413,Dejan Kulusevski,h,6691,OpenPlay,2023,LeftFoot,22024,Tottenham,Aston Villa,1,2,2023-11-26 14:00:00,Son Heung-Min,Throughball
550288,2,BlockedShot,0.955,0.3220000076293945,0.04999648779630661,Brennan Johnson,h,10760,OpenPlay,2023,RightFoot,22024,Tottenham,Aston Villa,1,2,2023-11-26 14:00:00,,Rebound
550291,7,MissedShots,0.8969999694824219,0.505,0.03351074457168579,Pedro Porro,h,6912,OpenPlay,2023,Head,22024,Tottenham,Aston Villa,1,2,2023-11-26 14:00:00,,Rebound
550293,34,MissedShots,0.875,0.26600000381469724,0.04622463509440422,Dejan Kulusevski,h,6691,OpenPlay,2023,LeftFoot,22024,Tottenham,Aston Villa,1,2,2023-11-26 14:00:00,Brennan Johnson,Pass
550303,66,SavedShot,0.855999984741211,0.5270000076293946,0.058247409760951996,Pedro Porro,h,6912,OpenPlay,2023,RightFoot,22024,Tottenham,Aston Villa,1,2,2023-11-26 14:00:00,Son Heung-Min,Chipped
550304,67,MissedShots,0.9619999694824218,0.5109999847412109,0.09102027118206024,Ben Davies,h,660,FromCorner,2023,Head,22024,Tottenham,Aston Villa,1,2,2023-11-26 14:00:00,Pedro Porro,Aerial
550308,72,SavedShot,0.905,0.5570000076293945,0.7006805539131165,Brennan Johnson,h,10760,OpenPlay,2023,RightFoot,22024,Tottenham,Aston Villa,1,2,2023-11-26 14:00:00,Son Heung-Min,TakeOn
550310,73,SavedShot,0.9640000152587891,0.3529999923706055,0.11423665285110474,Dejan Kulusevski,h,6691,OpenPlay,2023,RightFoot,22024,Tottenham,Aston Villa,1,2,2023-11-26 14:00:00,Oliver Skipp,Pass
550312,79,MissedShots,0.935,0.7090000152587891,0.04092635214328766,Brennan Johnson,h,10760,OpenPlay,2023,LeftFoot,22024,Tottenham,Aston Villa,1,2,2023-11-26 14:00:00,Giovani Lo Celso,Chipped
550315,84,ShotOnPost,0.8590000152587891,0.37,0.049417078495025635,Pedro Porro,h,6912,OpenPlay,2023,RightFoot,22024,Tottenham,Aston Villa,1,2,2023-11-26 14:00:00,Giovani Lo Celso,Pass
551917,38,MissedShots,0.8680000305175781,0.355,0.06470799446105957,Pedro Porro,a,6912,OpenPlay,2023,RightFoot,22031,Manchester City,Tottenham,3,3,2023-12-03 16:30:00,Brennan Johnson,Pass
551922,52,SavedShot,0.7230000305175781,0.7030000305175781,0.015483271330595016,Brennan Johnson,a,10760,OpenPlay,2023,RightFoot,22031,Manchester City,Tottenham,3,3,2023-12-03 16:30:00,Iyenoma Destiny Udogie,Pass
551924,55,BlockedShot,0.7330000305175781,0.51,0.0315871424973011,Brennan Johnson,a,10760,OpenPlay,2023,RightFoot,22031,Manchester City,Tottenham,3,3,2023-12-03 16:30:00,Son Heung-Min,Pass
551931,89,Goal,0.925,0.47200000762939454,0.04806918278336525,Dejan Kulusevski,a,6691,OpenPlay,2023,Head,22031,Manchester City,Tottenham,3,3,2023-12-03 16:30:00,Brennan Johnson,Aerial
552446,10,Goal,0.894000015258789,0.48200000762939454,0.017812388017773628,Cristian Romero,h,7218,FromCorner,2023,Head,22041,Tottenham,West Ham,1,2,2023-12-07 20:15:00,Pedro Porro,Aerial
552447,14,BlockedShot,0.8769999694824219,0.6070000076293945,0.1351885348558426,Brennan Johnson,h,10760,OpenPlay,2023,RightFoot,22041,Tottenham,West Ham,1,2,2023-12-07 20:15:00,Dejan Kulusevski,Pass
552448,15,BlockedShot,0.8390000152587891,0.3110000038146973,0.04613582789897919,Pedro Porro,h,6912,OpenPlay,2023,LeftFoot,22041,Tottenham,West Ham,1,2,2023-12-07 20:15:00,Cristian Romero,Pass
552455,25,MissedShots,0.76,0.3579999923706055,0.026461288332939148,Pedro Porro,h,6912,OpenPlay,2023,RightFoot,22041,Tottenham,West Ham,1,2,2023-12-07 20:15:00,Brennan Johnson,Pass
552457,36,SavedShot,0.899000015258789,0.6279999923706054,0.13607703149318695,Brennan Johnson,h,10760,OpenPlay,2023,LeftFoot,22041,Tottenham,West Ham,1,2,2023-12-07 20:15:00,Giovani Lo Celso,Throughball
552458,39,BlockedShot,0.8809999847412109,0.28200000762939453,0.05463060364127159,Dejan Kulusevski,h,6691,OpenPlay,2023,LeftFoot,22041,Tottenham,West Ham,1,2,2023-12-07 20:15:00,,None
552459,39,MissedShots,0.8419999694824218,0.5070000076293946,0.07585426419973373,Yves Bissouma,h,5609,OpenPlay,2023,LeftFoot,22041,Tottenham,West Ham,1,2,2023-12-07 20:15:00,,Rebound
552461,45,SavedShot,0.860999984741211,0.6809999847412109,0.05727963522076607,Brennan Johnson,h,10760,OpenPlay,2023,RightFoot,22041,Tottenham,West Ham,1,2,2023-12-07 20:15:00,Pedro Porro,Pass
552462,47,MissedShots,0.9519999694824218,0.5109999847412109,0.0828528180718422,Cristian Romero,h,7218,FromCorner,2023,Head,22041,Tottenham,West Ham,1,2,2023-12-07 20:15:00,Pedro Porro,Aerial
552463,47,MissedShots,0.835999984741211,0.74,0.021132826805114746,Pedro Porro,h,6912,FromCorner,2023,RightFoot,22041,Tottenham,West Ham,1,2,2023-12-07 20:15:00,Giovani Lo Celso,LayOff
552467,57,BlockedShot,0.815,0.5309999847412109,0.04834861308336258,Yves Bissouma,h,5609,SetPiece,2023,RightFoot,22041,Tottenham,West Ham,1,2,2023-12-07 20:15:00,Giovani Lo Celso,Pass
552469,69,MissedShots,0.93,0.5379999923706055,0.33097755908966064,Richarlison,h,6026,FromCorner,2023,Head,22041,Tottenham,West Ham,1,2,2023-12-07 20:15:00,Pedro Porro,Cross
552470,72,SavedShot,0.8909999847412109,0.305,0.05462540313601494,Pedro Porro,h,6912,OpenPlay,2023,RightFoot,22041,Tottenham,West Ham,1,2,2023-12-07 20:15:00,Yves Bissouma,Pass
552471,72,MissedShots,0.98,0.335,0.04895423725247383,Brennan Johnson,h,10760,FromCorner,2023,RightFoot,22041,Tottenham,West Ham,1,2,2023-12-07 20:15:00,Dejan Kulusevski,Pass
552474,76,MissedShots,0.9109999847412109,0.34599998474121096,0.06272097676992416,Brennan Johnson,h,10760,OpenPlay,2023,RightFoot,22041,Tottenham,West Ham,1,2,2023-12-07 20:15:00,Ben Davies,Chipped
552478,93,BlockedShot,0.784000015258789,0.3290000152587891,0.06594372540712357,Pedro Porro,h,6912,DirectFreekick,2023,RightFoot,22041,Tottenham,West Ham,1,2,2023-12-07 20:15:00,,Standard
552479,94,MissedShots,0.8880000305175781,0.4779999923706055,0.016227705404162407,Richarlison,h,6026,FromCorner,2023,Head,22041,Tottenham,West Ham,1,2,2023-12-07 20:15:00,Pedro Porro,Aerial
553618,3,BlockedShot,0.8169999694824219,0.539000015258789,0.06520391255617142,Richarlison,h,6026,OpenPlay,2023,RightFoot,22053,Tottenham,Newcastle United,4,1,2023-12-10 16:30:00,Iyenoma Destiny Udogie,Pass
553619,4,BlockedShot,0.9069999694824219,0.685,0.06387117505073547,Richarlison,h,6026,OpenPlay,2023,LeftFoot,22053,Tottenham,Newcastle United,4,1,2023-12-10 16:30:00,Dejan Kulusevski,Pass
553620,5,MissedShots,0.759000015258789,0.455,0.023253604769706726,Ben Davies,h,660,OpenPlay,2023,RightFoot,22053,Tottenham,Newcastle United,4,1,2023-12-10 16:30:00,,None
553623,16,BlockedShot,0.9080000305175782,0.56,0.018789727240800858,Cristian Romero,h,7218,FromCorner,2023,Head,22053,Tottenham,Newcastle United,4,1,2023-12-10 16:30:00,Pedro Porro,Aerial
553628,37,Goal,0.9359999847412109,0.5620000076293945,0.5243200659751892,Richarlison,h,6026,OpenPlay,2023,LeftFoot,22053,Tottenham,Newcastle United,4,1,2023-12-10 16:30:00,Son Heung-Min,Pass
553629,39,BlockedShot,0.8630000305175781,0.34,0.08595383167266846,Pedro Porro,h,6912,OpenPlay,2023,RightFoot,22053,Tottenham,Newcastle United,4,1,2023-12-10 16:30:00,Son Heung-Min,Pass
553630,40,ShotOnPost,0.84,0.3079999923706055,0.04013701528310776,Brennan Johnson,h,10760,OpenPlay,2023,RightFoot,22053,Tottenham,Newcastle United,4,1,2023-12-10 16:30:00,Pape Sarr,None
553631,41,SavedShot,0.905,0.395,0.10259708762168884,Dejan Kulusevski,h,6691,OpenPlay,2023,LeftFoot,22053,Tottenham,Newcastle United,4,1,2023-12-10 16:30:00,Brennan Johnson,BallRecovery
553632,43,SavedShot,0.874000015258789,0.4540000152587891,0.02284274809062481,Richarlison,h,6026,FromCorner,2023,Head,22053,Tottenham,Newcastle United,4,1,2023-12-10 16:30:00,Pedro Porro,Cross
553633,48,MissedShots,0.91,0.565,0.13972102105617523,Richarlison,h,6026,OpenPlay,2023,RightFoot,22053,Tottenham,Newcastle United,4,1,2023-12-10 16:30:00,Dejan Kulusevski,Pass
553635,55,SavedShot,0.7680000305175781,0.40400001525878904,0.027114853262901306,Yves Bissouma,h,5609,OpenPlay,2023,RightFoot,22053,Tottenham,Newcastle United,4,1,2023-12-10 16:30:00,Pape Sarr,Pass
553636,59,Goal,0.9180000305175782,0.5929999923706055,0.34033554792404175,Richarlison,h,6026,OpenPlay,2023,LeftFoot,22053,Tottenham,Newcastle United,4,1,2023-12-10 16:30:00,Pedro Porro,Chipped
553637,62,ShotOnPost,0.9159999847412109,0.335,0.1358867883682251,Brennan Johnson,h,10760,OpenPlay,2023,RightFoot,22053,Tottenham,Newcastle United,4,1,2023-12-10 16:30:00,Dejan Kulusevski,Throughball
553639,65,MissedShots,0.875,0.26299999237060545,0.047576431185007095,Pedro Porro,h,6912,OpenPlay,2023,RightFoot,22053,Tottenham,Newcastle United,4,1,2023-12-10 16:30:00,Brennan Johnson,Pass
553640,66,SavedShot,0.7780000305175782,0.55,0.04651615768671036,Dejan Kulusevski,h,6691,OpenPlay,2023,RightFoot,22053,Tottenham,Newcastle United,4,1,2023-12-10 16:30:00,Son Heung-Min,Pass
553642,75,SavedShot,0.755,0.3129999923706055,0.02264033816754818,Pedro Porro,h,6912,OpenPlay,2023,RightFoot,22053,Tottenham,Newcastle United,4,1,2023-12-10 16:30:00,,TakeOn
554059,22,SavedShot,0.874000015258789,0.455,0.11321400105953217,Brennan Johnson,a,10760,OpenPlay,2023,RightFoot,22063,Nottingham Forest,Tottenham,0,2,2023-12-15 20:00:00,Dejan Kulusevski,Pass
554060,23,MissedShots,0.9540000152587891,0.534000015258789,0.07942821830511093,Ben Davies,a,660,FromCorner,2023,Head,22063,Nottingham Forest,Tottenham,0,2,2023-12-15 20:00:00,Pedro Porro,Aerial
554064,34,MissedShots,0.9290000152587891,0.44799999237060545,0.13175690174102783,Pedro Porro,a,6912,OpenPlay,2023,Head,22063,Nottingham Forest,Tottenham,0,2,2023-12-15 20:00:00,Son Heung-Min,Cross
554067,46,Goal,0.9490000152587891,0.5059999847412109,0.5200366377830505,Richarlison,a,6026,OpenPlay,2023,Head,22063,Nottingham Forest,Tottenham,0,2,2023-12-15 20:00:00,Dejan Kulusevski,Aerial
554069,62,BlockedShot,0.91,0.415,0.20506128668785095,Dejan Kulusevski,a,6691,OpenPlay,2023,LeftFoot,22063,Nottingham Forest,Tottenham,0,2,2023-12-15 20:00:00,Pedro Porro,TakeOn
554072,64,Goal,0.9430000305175781,0.3120000076293945,0.07452715933322906,Dejan Kulusevski,a,6691,OpenPlay,2023,RightFoot,22063,Nottingham Forest,Tottenham,0,2,2023-12-15 20:00:00,,BallRecovery
554075,80,SavedShot,0.860999984741211,0.3390000152587891,0.07004713267087936,Dejan Kulusevski,a,6691,OpenPlay,2023,LeftFoot,22063,Nottingham Forest,Tottenham,0,2,2023-12-15 20:00:00,Oliver Skipp,Pass
554081,91,BlockedShot,0.86,0.40900001525878904,0.11390192061662674,Pedro Porro,a,6912,OpenPlay,2023,RightFoot,22063,Nottingham Forest,Tottenham,0,2,2023-12-15 20:00:00,Pierre-Emile Højbjerg,Pass
556186,8,Goal,0.925,0.455,0.3821038603782654,Richarlison,h,6026,OpenPlay,2023,RightFoot,22071,Tottenham,Everton,2,1,2023-12-23 15:00:00,Brennan Johnson,Cross
556187,11,MissedShots,0.9230000305175782,0.4620000076293945,0.3844277262687683,Brennan Johnson,h,10760,OpenPlay,2023,RightFoot,22071,Tottenham,Everton,2,1,2023-12-23 15:00:00,Emerson,Cross
556190,17,SavedShot,0.9059999847412109,0.32,0.04801530763506889,Brennan Johnson,h,10760,FromCorner,2023,RightFoot,22071,Tottenham,Everton,2,1,2023-12-23 15:00:00,Dejan Kulusevski,Pass
556197,55,BlockedShot,0.8580000305175781,0.3270000076293945,0.07283884286880493,Pedro Porro,h,6912,OpenPlay,2023,RightFoot,22071,Tottenham,Everton,2,1,2023-12-23 15:00:00,Brennan Johnson,Pass
556199,57,MissedShots,0.8090000152587891,0.28,0.022362055256962776,Pedro Porro,h,6912,OpenPlay,2023,LeftFoot,22071,Tottenham,Everton,2,1,2023-12-23 15:00:00,Brennan Johnson,Pass
556200,59,MissedShots,0.945,0.4209999847412109,0.11967940628528595,Brennan Johnson,h,10760,OpenPlay,2023,Head,22071,Tottenham,Everton,2,1,2023-12-23 15:00:00,Dejan Kulusevski,Cross
556202,62,MissedShots,0.7969999694824219,0.29700000762939455,0.05054007098078728,Brennan Johnson,h,10760,OpenPlay,2023,LeftFoot,22071,Tottenham,Everton,2,1,2023-12-23 15:00:00,Pedro Porro,Chipped
556205,74,SavedShot,0.8880000305175781,0.63,0.08803243190050125,Dejan Kulusevski,h,6691,OpenPlay,2023,LeftFoot,22071,Tottenham,Everton,2,1,2023-12-23 15:00:00,,BallRecovery
556677,3,BlockedShot,0.7340000152587891,0.40200000762939453,0.04908657446503639,Pedro Porro,a,6912,DirectFreekick,2023,RightFoot,22078,Brighton,Tottenham,4,2,2023-12-28 19:30:00,,Standard
556688,32,BlockedShot,0.8480000305175781,0.395,0.04378092288970947,Brennan Johnson,a,10760,OpenPlay,2023,RightFoot,22078,Brighton,Tottenham,4,2,2023-12-28 19:30:00,Pedro Porro,Chipped
556692,45,BlockedShot,0.8119999694824219,0.5270000076293946,0.10475901514291763,Richarlison,a,6026,OpenPlay,2023,RightFoot,22078,Brighton,Tottenham,4,2,2023-12-28 19:30:00,Brennan Johnson,Pass
556693,46,MissedShots,0.945,0.5459999847412109,0.12402109056711197,Ben Davies,a,660,FromCorner,2023,Head,22078,Brighton,Tottenham,4,2,2023-12-28 19:30:00,Pedro Porro,Cross
556696,52,MissedShots,0.8519999694824218,0.5540000152587891,0.09502623975276947,Richarlison,a,6026,OpenPlay,2023,RightFoot,22078,Brighton,Tottenham,4,2,2023-12-28 19:30:00,Son Heung-Min,Pass
556703,84,Goal,0.9730000305175781,0.47,0.5675906538963318,Ben Davies,a,660,FromCorner,2023,Head,22078,Brighton,Tottenham,4,2,2023-12-28 19:30:00,Pedro Porro,Cross
556705,91,MissedShots,0.7780000305175782,0.285,0.016549598425626755,Dejan Kulusevski,a,6691,OpenPlay,2023,LeftFoot,22078,Brighton,Tottenham,4,2,2023-12-28 19:30:00,Emerson,Pass
556707,94,BlockedShot,0.865999984741211,0.35200000762939454,0.03453126549720764,Pedro Porro,a,6912,OpenPlay,2023,RightFoot,22078,Brighton,Tottenham,4,2,2023-12-28 19:30:00,,Rebound
557176,3,MissedShots,0.8430000305175781,0.5370000076293945,0.08569850027561188,Richarlison,h,6026,OpenPlay,2023,RightFoot,22092,Tottenham,Bournemouth,3,1,2023-12-31 14:00:00,Pape Sarr,Pass
557181,18,MissedShots,0.9180000305175782,0.544000015258789,0.08385460823774338,Rodrigo Bentancur,h,6108,FromCorner,2023,Head,22092,Tottenham,Bournemouth,3,1,2023-12-31 14:00:00,Pedro Porro,Cross
557195,51,MissedShots,0.9,0.5940000152587891,0.4580155909061432,Richarlison,h,6026,OpenPlay,2023,LeftFoot,22092,Tottenham,Bournemouth,3,1,2023-12-31 14:00:00,Son Heung-Min,Pass
557200,72,SavedShot,0.8480000305175781,0.45799999237060546,0.09628812968730927,Richarlison,h,6026,OpenPlay,2023,RightFoot,22092,Tottenham,Bournemouth,3,1,2023-12-31 14:00:00,Son Heung-Min,Pass
557201,72,BlockedShot,0.895,0.695,0.03180912137031555,Richarlison,h,6026,OpenPlay,2023,RightFoot,22092,Tottenham,Bournemouth,3,1,2023-12-31 14:00:00,,Rebound
557202,72,BlockedShot,0.8040000152587891,0.6079999923706054,0.022868724539875984,Pedro Porro,h,6912,OpenPlay,2023,RightFoot,22092,Tottenham,Bournemouth,3,1,2023-12-31 14:00:00,,Rebound
557203,79,Goal,0.93,0.48,0.5135740041732788,Richarlison,h,6026,OpenPlay,2023,RightFoot,22092,Tottenham,Bournemouth,3,1,2023-12-31 14:00:00,Brennan Johnson,Cross
557175,0,BlockedShot,0.7669999694824219,0.46900001525878904,0.026101892814040184,Dominic Solanke,a,1679,OpenPlay,2023,RightFoot,22092,Tottenham,Bournemouth,3,1,2023-12-31 14:00:00,,None
557177,6,SavedShot,0.914000015258789,0.46299999237060546,0.10665788501501083,Dominic Solanke,a,1679,OpenPlay,2023,Head,22092,Tottenham,Bournemouth,3,1,2023-12-31 14:00:00,Dango Ouattara,Cross
557182,20,BlockedShot,0.7719999694824219,0.34799999237060547,0.019025754183530807,Dominic Solanke,a,1679,OpenPlay,2023,RightFoot,22092,Tottenham,Bournemouth,3,1,2023-12-31 14:00:00,,BallRecovery
557185,29,MissedShots,0.8569999694824219,0.45799999237060546,0.013955313712358475,Dominic Solanke,a,1679,OpenPlay,2023,Head,22092,Tottenham,Bournemouth,3,1,2023-12-31 14:00:00,Adam Smith,Aerial
557190,48,BlockedShot,0.8830000305175781,0.5579999923706055,0.0727948248386383,Dominic Solanke,a,1679,OpenPlay,2023,LeftFoot,22092,Tottenham,Bournemouth,3,1,2023-12-31 14:00:00,,None
557192,49,SavedShot,0.9630000305175781,0.40400001525878904,0.01928693801164627,Dominic Solanke,a,1679,FromCorner,2023,Head,22092,Tottenham,Bournemouth,3,1,2023-12-31 14:00:00,Lewis Cook,Aerial
557193,50,BlockedShot,0.950999984741211,0.5379999923706055,0.12519173324108124,Dominic Solanke,a,1679,OpenPlay,2023,RightFoot,22092,Tottenham,Bournemouth,3,1,2023-12-31 14:00:00,Justin Kluivert,Cross
557198,59,MissedShots,0.9230000305175782,0.44400001525878907,0.47335588932037354,Dominic Solanke,a,1679,OpenPlay,2023,LeftFoot,22092,Tottenham,Bournemouth,3,1,2023-12-31 14:00:00,Marcus Tavernier,Pass
557208,96,MissedShots,0.9119999694824219,0.42700000762939455,0.04799335449934006,Dominic Solanke,a,1679,OpenPlay,2023,Head,22092,Tottenham,Bournemouth,3,1,2023-12-31 14:00:00,Marcos Senesi,Aerial
558649,8,SavedShot,0.7969999694824219,0.5270000076293946,0.03059552051126957,Pedro Porro,a,6912,OpenPlay,2023,RightFoot,22099,Manchester United,Tottenham,2,2,2024-01-14 16:30:00,Pierre-Emile Højbjerg,Chipped
558650,10,BlockedShot,0.93,0.6070000076293945,0.055026691406965256,Timo Werner,a,65,OpenPlay,2023,Head,22099,Manchester United,Tottenham,2,2,2024-01-14 16:30:00,Brennan Johnson,Cross
558651,10,BlockedShot,0.9480000305175781,0.4109999847412109,0.07095345854759216,Rodrigo Bentancur,a,6108,FromCorner,2023,Head,22099,Manchester United,Tottenham,2,2,2024-01-14 16:30:00,Pedro Porro,Cross
558652,18,Goal,0.9619999694824218,0.53,0.08758851140737534,Richarlison,a,6026,FromCorner,2023,Head,22099,Manchester United,Tottenham,2,2,2024-01-14 16:30:00,Pedro Porro,Aerial
558653,21,MissedShots,0.759000015258789,0.66,0.0216998104006052,Timo Werner,a,65,OpenPlay,2023,RightFoot,22099,Manchester United,Tottenham,2,2,2024-01-14 16:30:00,Iyenoma Destiny Udogie,Pass
558654,23,BlockedShot,0.8490000152587891,0.6809999847412109,0.04653220623731613,Timo Werner,a,65,OpenPlay,2023,RightFoot,22099,Manchester United,Tottenham,2,2,2024-01-14 16:30:00,Pedro Porro,Pass
558655,29,SavedShot,0.8730000305175781,0.3079999923706055,0.049986351281404495,Brennan Johnson,a,10760,OpenPlay,2023,RightFoot,22099,Manchester United,Tottenham,2,2,2024-01-14 16:30:00,Richarlison,Pass
558658,44,MissedShots,0.875,0.654000015258789,0.05339513346552849,Timo Werner,a,65,OpenPlay,2023,LeftFoot,22099,Manchester United,Tottenham,2,2,2024-01-14 16:30:00,Oliver Skipp,Pass
558663,45,Goal,0.95,0.5929999923706055,0.12027949094772339,Rodrigo Bentancur,a,6108,OpenPlay,2023,LeftFoot,22099,Manchester United,Tottenham,2,2,2024-01-14 16:30:00,Timo Werner,Pass
558661,46,ShotOnPost,0.960999984741211,0.4879999923706055,0.4823014736175537,Cristian Romero,a,7218,FromCorner,2023,Head,22099,Manchester United,Tottenham,2,2,2024-01-14 16:30:00,Pedro Porro,Aerial
558664,51,SavedShot,0.8690000152587891,0.6630000305175782,0.06142055243253708,Richarlison,a,6026,OpenPlay,2023,RightFoot,22099,Manchester United,Tottenham,2,2,2024-01-14 16:30:00,Oliver Skipp,Pass
558665,57,MissedShots,0.895,0.5679999923706055,0.05422298610210419,Timo Werner,a,65,FromCorner,2023,RightFoot,22099,Manchester United,Tottenham,2,2,2024-01-14 16:30:00,Pedro Porro,Cross
558668,69,MissedShots,0.9480000305175781,0.47900001525878905,0.09394491463899612,Rodrigo Bentancur,a,6108,FromCorner,2023,Head,22099,Manchester United,Tottenham,2,2,2024-01-14 16:30:00,,Aerial
558669,81,BlockedShot,0.84,0.32299999237060545,0.04051807150244713,Brennan Johnson,a,10760,OpenPlay,2023,LeftFoot,22099,Manchester United,Tottenham,2,2,2024-01-14 16:30:00,Oliver Skipp,Pass
560712,10,BlockedShot,0.8569999694824219,0.5579999923706055,0.0948762595653534,James Maddison,h,6818,OpenPlay,2023,RightFoot,22109,Tottenham,Brentford,3,2,2024-01-31 19:30:00,Iyenoma Destiny Udogie,TakeOn
560715,20,SavedShot,0.8180000305175781,0.64,0.02980048395693302,Timo Werner,h,65,OpenPlay,2023,RightFoot,22109,Tottenham,Brentford,3,2,2024-01-31 19:30:00,Rodrigo Bentancur,Pass
560716,20,MissedShots,0.9519999694824218,0.41,0.25278589129447937,Timo Werner,h,65,FromCorner,2023,Head,22109,Tottenham,Brentford,3,2,2024-01-31 19:30:00,,None
560717,22,BlockedShot,0.7969999694824219,0.4129999923706055,0.04156035557389259,James Maddison,h,6818,OpenPlay,2023,RightFoot,22109,Tottenham,Brentford,3,2,2024-01-31 19:30:00,Timo Werner,Pass
560718,24,MissedShots,0.774000015258789,0.5540000152587891,0.03361671790480614,Richarlison,h,6026,OpenPlay,2023,RightFoot,22109,Tottenham,Brentford,3,2,2024-01-31 19:30:00,Dejan Kulusevski,LayOff
560723,48,Goal,0.975,0.4520000076293945,0.8896931409835815,Brennan Johnson,h,10760,OpenPlay,2023,RightFoot,22109,Tottenham,Brentford,3,2,2024-01-31 19:30:00,Timo Werner,Pass
560724,53,MissedShots,0.83,0.595,0.06956694275140762,Richarlison,h,6026,OpenPlay,2023,LeftFoot,22109,Tottenham,Brentford,3,2,2024-01-31 19:30:00,,Dispossessed
560725,55,MissedShots,0.9109999847412109,0.6,0.12792128324508667,James Maddison,h,6818,OpenPlay,2023,RightFoot,22109,Tottenham,Brentford,3,2,2024-01-31 19:30:00,Iyenoma Destiny Udogie,Pass
560726,55,Goal,0.9319999694824219,0.48200000762939454,0.5600214004516602,Richarlison,h,6026,OpenPlay,2023,LeftFoot,22109,Tottenham,Brentford,3,2,2024-01-31 19:30:00,,Rebound
560727,58,BlockedShot,0.914000015258789,0.3370000076293945,0.10339777916669846,Dejan Kulusevski,h,6691,OpenPlay,2023,LeftFoot,22109,Tottenham,Brentford,3,2,2024-01-31 19:30:00,Brennan Johnson,Pass
560728,58,MissedShots,0.8490000152587891,0.29200000762939454,0.044181227684020996,Pedro Porro,h,6912,OpenPlay,2023,RightFoot,22109,Tottenham,Brentford,3,2,2024-01-31 19:30:00,Brennan Johnson,Pass
560732,68,BlockedShot,0.8590000152587891,0.415,0.09144526720046997,Dejan Kulusevski,h,6691,OpenPlay,2023,LeftFoot,22109,Tottenham,Brentford,3,2,2024-01-31 19:30:00,James Maddison,Pass
560733,68,MissedShots,0.9180000305175782,0.36400001525878906,0.13999301195144653,James Maddison,h,6818,OpenPlay,2023,RightFoot,22109,Tottenham,Brentford,3,2,2024-01-31 19:30:00,,TakeOn
560735,74,BlockedShot,0.8730000305175781,0.6940000152587891,0.08178450167179108,Timo Werner,h,65,OpenPlay,2023,RightFoot,22109,Tottenham,Brentford,3,2,2024-01-31 19:30:00,James Maddison,Pass
560736,75,MissedShots,0.7659999847412109,0.48900001525878906,0.036202654242515564,Pedro Porro,h,6912,OpenPlay,2023,RightFoot,22109,Tottenham,Brentford,3,2,2024-01-31 19:30:00,James Maddison,Pass
560737,91,SavedShot,0.92,0.7019999694824218,0.06767294555902481,Richarlison,h,6026,OpenPlay,2023,LeftFoot,22109,Tottenham,Brentford,3,2,2024-01-31 19:30:00,,BallTouch
560971,3,Goal,0.92,0.5479999923706055,0.47536227107048035,Richarlison,a,6026,OpenPlay,2023,LeftFoot,22121,Everton,Tottenham,2,2,2024-02-03 12:30:00,Iyenoma Destiny Udogie,Pass
560973,8,SavedShot,0.7930000305175782,0.6370000076293946,0.03915691375732422,James Maddison,a,6818,OpenPlay,2023,LeftFoot,22121,Everton,Tottenham,2,2,2024-02-03 12:30:00,Richarlison,Pass
560979,40,Goal,0.8119999694824219,0.5970000076293945,0.04515125975012779,Richarlison,a,6026,OpenPlay,2023,RightFoot,22121,Everton,Tottenham,2,2,2024-02-03 12:30:00,James Maddison,Pass
560985,49,SavedShot,0.7969999694824219,0.36200000762939455,0.04078846797347069,Pedro Porro,a,6912,OpenPlay,2023,RightFoot,22121,Everton,Tottenham,2,2,2024-02-03 12:30:00,Timo Werner,Pass
560987,57,SavedShot,0.8059999847412109,0.5279999923706055,0.06106920167803764,James Maddison,a,6818,OpenPlay,2023,LeftFoot,22121,Everton,Tottenham,2,2,2024-02-03 12:30:00,,None
560988,59,BlockedShot,0.885,0.6270000076293946,0.0876704752445221,Richarlison,a,6026,OpenPlay,2023,LeftFoot,22121,Everton,Tottenham,2,2,2024-02-03 12:30:00,Iyenoma Destiny Udogie,Pass
560991,69,SavedShot,0.894000015258789,0.3509999847412109,0.10140691697597504,Richarlison,a,6026,OpenPlay,2023,RightFoot,22121,Everton,Tottenham,2,2,2024-02-03 12:30:00,Dejan Kulusevski,Pass
562562,19,BlockedShot,0.875,0.41400001525878904,0.06439626216888428,Richarlison,h,6026,OpenPlay,2023,RightFoot,22132,Tottenham,Brighton,2,1,2024-02-10 15:00:00,,None
562563,21,SavedShot,0.904000015258789,0.665,0.274502158164978,Richarlison,h,6026,OpenPlay,2023,RightFoot,22132,Tottenham,Brighton,2,1,2024-02-10 15:00:00,James Maddison,Throughball
562564,21,MissedShots,0.8069999694824219,0.7269999694824218,0.022017378360033035,Timo Werner,h,65,OpenPlay,2023,RightFoot,22132,Tottenham,Brighton,2,1,2024-02-10 15:00:00,,Rebound
562565,25,MissedShots,0.84,0.625,0.054790787398815155,James Maddison,h,6818,OpenPlay,2023,RightFoot,22132,Tottenham,Brighton,2,1,2024-02-10 15:00:00,Richarlison,Pass
562568,35,MissedShots,0.9280000305175782,0.59,0.08805003017187119,Richarlison,h,6026,OpenPlay,2023,LeftFoot,22132,Tottenham,Brighton,2,1,2024-02-10 15:00:00,Timo Werner,Cross
562569,37,SavedShot,0.9130000305175782,0.3970000076293945,0.3645493686199188,Dejan Kulusevski,h,6691,OpenPlay,2023,LeftFoot,22132,Tottenham,Brighton,2,1,2024-02-10 15:00:00,Richarlison,Pass
562570,40,BlockedShot,0.8490000152587891,0.3870000076293945,0.0915173664689064,Richarlison,h,6026,OpenPlay,2023,RightFoot,22132,Tottenham,Brighton,2,1,2024-02-10 15:00:00,James Maddison,TakeOn
562571,45,BlockedShot,0.769000015258789,0.34599998474121096,0.020896457135677338,Rodrigo Bentancur,h,6108,OpenPlay,2023,LeftFoot,22132,Tottenham,Brighton,2,1,2024-02-10 15:00:00,Dejan Kulusevski,Pass
562572,47,SavedShot,0.7619999694824219,0.3559999847412109,0.05837944895029068,James Maddison,h,6818,DirectFreekick,2023,RightFoot,22132,Tottenham,Brighton,2,1,2024-02-10 15:00:00,,Standard
562573,52,BlockedShot,0.7880000305175782,0.5409999847412109,0.03540848568081856,Timo Werner,h,65,OpenPlay,2023,RightFoot,22132,Tottenham,Brighton,2,1,2024-02-10 15:00:00,Micky van de Ven,Pass
562577,65,SavedShot,0.8719999694824219,0.33599998474121096,0.060219913721084595,Brennan Johnson,h,10760,OpenPlay,2023,RightFoot,22132,Tottenham,Brighton,2,1,2024-02-10 15:00:00,Son Heung-Min,Pass
562581,95,Goal,0.95,0.44299999237060544,0.5668436288833618,Brennan Johnson,h,10760,OpenPlay,2023,RightFoot,22132,Tottenham,Brighton,2,1,2024-02-10 15:00:00,Son Heung-Min,Pass
563941,6,MissedShots,0.730999984741211,0.4909999847412109,0.01731722801923752,Richarlison,h,6026,OpenPlay,2023,RightFoot,22144,Tottenham,Wolverhampton Wanderers,1,2,2024-02-17 15:00:00,Yves Bissouma,BallRecovery
563942,13,MissedShots,0.8490000152587891,0.615,0.047136787325143814,Ben Davies,h,660,OpenPlay,2023,LeftFoot,22144,Tottenham,Wolverhampton Wanderers,1,2,2024-02-17 15:00:00,Pape Sarr,HeadPass
563945,27,BlockedShot,0.9540000152587891,0.5179999923706055,0.09266617894172668,Richarlison,h,6026,FromCorner,2023,Head,22144,Tottenham,Wolverhampton Wanderers,1,2,2024-02-17 15:00:00,Ben Davies,None
563946,35,MissedShots,0.8980000305175782,0.5970000076293945,0.11063562333583832,Dejan Kulusevski,h,6691,OpenPlay,2023,LeftFoot,22144,Tottenham,Wolverhampton Wanderers,1,2,2024-02-17 15:00:00,James Maddison,Pass
563949,45,Goal,0.9540000152587891,0.38099998474121094,0.3729393482208252,Dejan Kulusevski,h,6691,OpenPlay,2023,LeftFoot,22144,Tottenham,Wolverhampton Wanderers,1,2,2024-02-17 15:00:00,,TakeOn
563950,48,MissedShots,0.9640000152587891,0.534000015258789,0.08765200525522232,Richarlison,h,6026,FromCorner,2023,Head,22144,Tottenham,Wolverhampton Wanderers,1,2,2024-02-17 15:00:00,James Maddison,Aerial
563952,59,SavedShot,0.7959999847412109,0.5740000152587891,0.046040162444114685,Dejan Kulusevski,h,6691,OpenPlay,2023,LeftFoot,22144,Tottenham,Wolverhampton Wanderers,1,2,2024-02-17 15:00:00,Ben Davies,LayOff
563953,62,BlockedShot,0.9,0.39299999237060546,0.10920639336109161,Dejan Kulusevski,h,6691,OpenPlay,2023,LeftFoot,22144,Tottenham,Wolverhampton Wanderers,1,2,2024-02-17 15:00:00,Ben Davies,Pass
563955,67,MissedShots,0.77,0.6459999847412109,0.019369158893823624,James Maddison,h,6818,OpenPlay,2023,RightFoot,22144,Tottenham,Wolverhampton Wanderers,1,2,2024-02-17 15:00:00,Son Heung-Min,Pass
563960,89,SavedShot,0.914000015258789,0.5129999923706055,0.05512262135744095,Ben Davies,h,660,SetPiece,2023,Head,22144,Tottenham,Wolverhampton Wanderers,1,2,2024-02-17 15:00:00,Giovani Lo Celso,Aerial
563962,92,BlockedShot,0.955999984741211,0.6179999923706054,0.09097466617822647,Timo Werner,h,65,OpenPlay,2023,LeftFoot,22144,Tottenham,Wolverhampton Wanderers,1,2,2024-02-17 15:00:00,Rodrigo Bentancur,TakeOn
563963,92,BlockedShot,0.9259999847412109,0.6609999847412109,0.057394031435251236,Timo Werner,h,65,OpenPlay,2023,RightFoot,22144,Tottenham,Wolverhampton Wanderers,1,2,2024-02-17 15:00:00,,Rebound
563964,93,MissedShots,0.9369999694824219,0.4909999847412109,0.4234379827976227,Ben Davies,h,660,OpenPlay,2023,Head,22144,Tottenham,Wolverhampton Wanderers,1,2,2024-02-17 15:00:00,Dejan Kulusevski,Cross
566626,17,SavedShot,0.9030000305175782,0.40099998474121096,0.561333179473877,Timo Werner,h,65,OpenPlay,2023,RightFoot,22164,Tottenham,Crystal Palace,3,1,2024-03-02 15:00:00,Son Heung-Min,Throughball
566627,45,MissedShots,0.7619999694824219,0.6279999923706054,0.018900126218795776,Rodrigo Bentancur,h,6108,OpenPlay,2023,RightFoot,22164,Tottenham,Crystal Palace,3,1,2024-03-02 15:00:00,James Maddison,Pass
566628,48,BlockedShot,0.8569999694824219,0.6530000305175782,0.01978939212858677,Timo Werner,h,65,FromCorner,2023,RightFoot,22164,Tottenham,Crystal Palace,3,1,2024-03-02 15:00:00,,Aerial
566633,61,SavedShot,0.874000015258789,0.6459999847412109,0.06665892899036407,Timo Werner,h,65,OpenPlay,2023,RightFoot,22164,Tottenham,Crystal Palace,3,1,2024-03-02 15:00:00,Son Heung-Min,Pass
566635,64,MissedShots,0.9230000305175782,0.54,0.12285035848617554,Brennan Johnson,h,10760,OpenPlay,2023,RightFoot,22164,Tottenham,Crystal Palace,3,1,2024-03-02 15:00:00,Son Heung-Min,Rebound
566636,67,SavedShot,0.8919999694824219,0.47299999237060547,0.027036800980567932,Cristian Romero,h,7218,OpenPlay,2023,Head,22164,Tottenham,Crystal Palace,3,1,2024-03-02 15:00:00,Dejan Kulusevski,Aerial
566638,76,Goal,0.9319999694824219,0.545,0.4859383702278137,Timo Werner,h,65,OpenPlay,2023,RightFoot,22164,Tottenham,Crystal Palace,3,1,2024-03-02 15:00:00,Brennan Johnson,Pass
566639,79,Goal,0.9319999694824219,0.5059999847412109,0.47222432494163513,Cristian Romero,h,7218,OpenPlay,2023,Head,22164,Tottenham,Crystal Palace,3,1,2024-03-02 15:00:00,James Maddison,Aerial
568444,34,BlockedShot,0.9390000152587891,0.754000015258789,0.02416595257818699,James Maddison,a,6818,FromCorner,2023,RightFoot,22167,Aston Villa,Tottenham,0,4,2024-03-10 13:00:00,,None
568448,49,Goal,0.9569999694824218,0.49900001525878906,0.609562337398529,James Maddison,a,6818,OpenPlay,2023,LeftFoot,22167,Aston Villa,Tottenham,0,4,2024-03-10 13:00:00,Pape Sarr,Cross
568450,52,Goal,0.8930000305175781,0.585,0.38794225454330444,Brennan Johnson,a,10760,OpenPlay,2023,RightFoot,22167,Aston Villa,Tottenham,0,4,2024-03-10 13:00:00,Son Heung-Min,Pass
568452,74,MissedShots,0.7809999847412109,0.4179999923706055,0.047509461641311646,Dejan Kulusevski,a,6691,OpenPlay,2023,LeftFoot,22167,Aston Villa,Tottenham,0,4,2024-03-10 13:00:00,Rodrigo Bentancur,Pass
568453,79,BlockedShot,0.9390000152587891,0.6519999694824219,0.09624242782592773,Brennan Johnson,a,10760,OpenPlay,2023,RightFoot,22167,Aston Villa,Tottenham,0,4,2024-03-10 13:00:00,Dejan Kulusevski,Cross
568456,89,BlockedShot,0.85,0.47299999237060547,0.08601733297109604,Dejan Kulusevski,a,6691,OpenPlay,2023,LeftFoot,22167,Aston Villa,Tottenham,0,4,2024-03-10 13:00:00,,None
568459,93,Goal,0.889000015258789,0.600999984741211,0.4311489462852478,Timo Werner,a,65,OpenPlay,2023,RightFoot,22167,Aston Villa,Tottenham,0,4,2024-03-10 13:00:00,Son Heung-Min,Pass
569569,26,SavedShot,0.895,0.6790000152587891,0.22130875289440155,Brennan Johnson,a,10760,OpenPlay,2023,RightFoot,22180,Fulham,Tottenham,3,0,2024-03-16 17:30:00,James Maddison,Pass
569571,31,MissedShots,0.860999984741211,0.555,0.09495148807764053,James Maddison,a,6818,OpenPlay,2023,RightFoot,22180,Fulham,Tottenham,3,0,2024-03-16 17:30:00,Iyenoma Destiny Udogie,Pass
569572,39,BlockedShot,0.8580000305175781,0.305,0.06006807088851929,Dejan Kulusevski,a,6691,OpenPlay,2023,LeftFoot,22180,Fulham,Tottenham,3,0,2024-03-16 17:30:00,,TakeOn
569582,67,MissedShots,0.9619999694824218,0.5309999847412109,0.6352412104606628,Brennan Johnson,a,10760,OpenPlay,2023,RightFoot,22180,Fulham,Tottenham,3,0,2024-03-16 17:30:00,Son Heung-Min,Pass
569583,68,MissedShots,0.9740000152587891,0.5429999923706055,0.7102182507514954,Timo Werner,a,65,OpenPlay,2023,LeftFoot,22180,Fulham,Tottenham,3,0,2024-03-16 17:30:00,Brennan Johnson,Pass
569584,68,SavedShot,0.9519999694824218,0.7090000152587891,0.05360541120171547,Timo Werner,a,65,OpenPlay,2023,LeftFoot,22180,Fulham,Tottenham,3,0,2024-03-16 17:30:00,Rodrigo Bentancur,Pass
569585,70,SavedShot,0.7680000305175781,0.40400001525878904,0.02169107086956501,Rodrigo Bentancur,a,6108,OpenPlay,2023,RightFoot,22180,Fulham,Tottenham,3,0,2024-03-16 17:30:00,Timo Werner,Pass
569586,86,MissedShots,0.865999984741211,0.4379999923706055,0.04097099229693413,Richarlison,a,6026,OpenPlay,2023,RightFoot,22180,Fulham,Tottenham,3,0,2024-03-16 17:30:00,Dejan Kulusevski,HeadPass
569588,89,SavedShot,0.8919999694824219,0.580999984741211,0.05562273785471916,Richarlison,a,6026,OpenPlay,2023,LeftFoot,22180,Fulham,Tottenham,3,0,2024-03-16 17:30:00,Pedro Porro,Chipped
569590,91,MissedShots,0.87,0.695,0.04204767197370529,Timo Werner,a,65,OpenPlay,2023,RightFoot,22180,Fulham,Tottenham,3,0,2024-03-16 17:30:00,Pierre-Emile Højbjerg,TakeOn
570805,14,MissedShots,0.9080000305175782,0.5820000076293945,0.3222470283508301,Timo Werner,h,65,OpenPlay,2023,LeftFoot,22194,Tottenham,Luton,2,1,2024-03-30 15:00:00,Dejan Kulusevski,TakeOn
570808,19,BlockedShot,0.8919999694824219,0.6170000076293946,0.06326454132795334,Timo Werner,h,65,OpenPlay,2023,RightFoot,22194,Tottenham,Luton,2,1,2024-03-30 15:00:00,,Rebound
570818,56,BlockedShot,0.769000015258789,0.37900001525878907,0.029922155663371086,Brennan Johnson,h,10760,FromCorner,2023,RightFoot,22194,Tottenham,Luton,2,1,2024-03-30 15:00:00,Yves Bissouma,Pass
570819,61,BlockedShot,0.8869999694824219,0.575999984741211,0.1190720945596695,James Maddison,h,6818,OpenPlay,2023,RightFoot,22194,Tottenham,Luton,2,1,2024-03-30 15:00:00,Son Heung-Min,TakeOn
570821,69,MissedShots,0.9390000152587891,0.30100000381469727,0.0430605486035347,Rodrigo Bentancur,h,6108,OpenPlay,2023,RightFoot,22194,Tottenham,Luton,2,1,2024-03-30 15:00:00,Timo Werner,HeadPass
570822,70,MissedShots,0.8680000305175781,0.4229999923706055,0.0965544804930687,Pedro Porro,h,6912,OpenPlay,2023,LeftFoot,22194,Tottenham,Luton,2,1,2024-03-30 15:00:00,Brennan Johnson,Pass
570823,77,BlockedShot,0.9640000152587891,0.529000015258789,0.6894879937171936,Brennan Johnson,h,10760,OpenPlay,2023,RightFoot,22194,Tottenham,Luton,2,1,2024-03-30 15:00:00,Giovani Lo Celso,Pass
570824,78,MissedShots,0.8569999694824219,0.8719999694824219,0.03839162737131119,Pedro Porro,h,6912,DirectFreekick,2023,RightFoot,22194,Tottenham,Luton,2,1,2024-03-30 15:00:00,,Standard
570827,92,MissedShots,0.9690000152587891,0.7230000305175781,0.05682207643985748,Timo Werner,h,65,OpenPlay,2023,LeftFoot,22194,Tottenham,Luton,2,1,2024-03-30 15:00:00,Pierre-Emile Højbjerg,Pass
571842,4,Goal,0.965,0.52,0.7096827030181885,Brennan Johnson,a,10760,OpenPlay,2023,RightFoot,22199,West Ham,Tottenham,1,1,2024-04-02 19:15:00,Timo Werner,Pass
571844,9,MissedShots,0.78,0.29399999618530276,0.024210501462221146,Pedro Porro,a,6912,OpenPlay,2023,RightFoot,22199,West Ham,Tottenham,1,1,2024-04-02 19:15:00,Son Heung-Min,Pass
571849,47,MissedShots,0.860999984741211,0.3509999847412109,0.048323944211006165,Rodrigo Bentancur,a,6108,FromCorner,2023,RightFoot,22199,West Ham,Tottenham,1,1,2024-04-02 19:15:00,Yves Bissouma,Pass
571852,51,BlockedShot,0.8490000152587891,0.4370000076293945,0.08963868767023087,James Maddison,a,6818,OpenPlay,2023,LeftFoot,22199,West Ham,Tottenham,1,1,2024-04-02 19:15:00,Brennan Johnson,Pass
571853,53,BlockedShot,0.8440000152587891,0.6079999923706054,0.07019448280334473,James Maddison,a,6818,OpenPlay,2023,LeftFoot,22199,West Ham,Tottenham,1,1,2024-04-02 19:15:00,Son Heung-Min,Pass
571854,54,MissedShots,0.7880000305175782,0.41900001525878905,0.036686528474092484,Yves Bissouma,a,5609,OpenPlay,2023,RightFoot,22199,West Ham,Tottenham,1,1,2024-04-02 19:15:00,,BallTouch
571858,67,BlockedShot,0.850999984741211,0.34599998474121096,0.048508208245038986,Brennan Johnson,a,10760,OpenPlay,2023,RightFoot,22199,West Ham,Tottenham,1,1,2024-04-02 19:15:00,,None
571859,68,SavedShot,0.895,0.33299999237060546,0.05763603374361992,Pedro Porro,a,6912,OpenPlay,2023,LeftFoot,22199,West Ham,Tottenham,1,1,2024-04-02 19:15:00,,None
571860,71,BlockedShot,0.9069999694824219,0.685,0.0653042197227478,Timo Werner,a,65,OpenPlay,2023,RightFoot,22199,West Ham,Tottenham,1,1,2024-04-02 19:15:00,Son Heung-Min,Pass
573144,1,MissedShots,0.7930000305175782,0.669000015258789,0.026038000360131264,Yves Bissouma,h,5609,FromCorner,2023,RightFoot,22213,Tottenham,Nottingham Forest,3,1,2024-04-07 19:00:00,James Maddison,Pass
573145,5,BlockedShot,0.8590000152587891,0.7230000305175781,0.02287697233259678,Timo Werner,h,65,FromCorner,2023,RightFoot,22213,Tottenham,Nottingham Forest,3,1,2024-04-07 19:00:00,,None
573146,7,BlockedShot,0.855999984741211,0.64,0.05135535076260567,James Maddison,h,6818,OpenPlay,2023,RightFoot,22213,Tottenham,Nottingham Forest,3,1,2024-04-07 19:00:00,Son Heung-Min,Pass
573148,11,MissedShots,0.8159999847412109,0.3870000076293945,0.03198022022843361,Yves Bissouma,h,5609,FromCorner,2023,RightFoot,22213,Tottenham,Nottingham Forest,3,1,2024-04-07 19:00:00,Brennan Johnson,Pass
573150,16,MissedShots,0.7569999694824219,0.3890000152587891,0.02826647460460663,Yves Bissouma,h,5609,OpenPlay,2023,RightFoot,22213,Tottenham,Nottingham Forest,3,1,2024-04-07 19:00:00,,None
573152,23,SavedShot,0.7630000305175781,0.4929999923706055,0.03528482839465141,Yves Bissouma,h,5609,OpenPlay,2023,RightFoot,22213,Tottenham,Nottingham Forest,3,1,2024-04-07 19:00:00,James Maddison,Pass
573153,23,SavedShot,0.9730000305175781,0.534000015258789,0.8439615368843079,Brennan Johnson,h,10760,OpenPlay,2023,RightFoot,22213,Tottenham,Nottingham Forest,3,1,2024-04-07 19:00:00,Timo Werner,Pass
573161,48,MissedShots,0.960999984741211,0.3679999923706055,0.0722755715250969,Brennan Johnson,h,10760,OpenPlay,2023,RightFoot,22213,Tottenham,Nottingham Forest,3,1,2024-04-07 19:00:00,,None
573165,57,Goal,0.8809999847412109,0.3870000076293945,0.08517362922430038,Pedro Porro,h,6912,OpenPlay,2023,RightFoot,22213,Tottenham,Nottingham Forest,3,1,2024-04-07 19:00:00,Rodrigo Bentancur,HeadPass
573166,61,BlockedShot,0.794000015258789,0.3729999923706055,0.0353466272354126,James Maddison,h,6818,OpenPlay,2023,RightFoot,22213,Tottenham,Nottingham Forest,3,1,2024-04-07 19:00:00,Iyenoma Destiny Udogie,Pass
573404,0,BlockedShot,0.840999984741211,0.5409999847412109,0.06461359560489655,Rodrigo Bentancur,a,6108,OpenPlay,2023,LeftFoot,22222,Newcastle United,Tottenham,4,0,2024-04-13 11:30:00,,None
573406,6,MissedShots,0.914000015258789,0.5740000152587891,0.3165394365787506,Timo Werner,a,65,OpenPlay,2023,RightFoot,22222,Newcastle United,Tottenham,4,0,2024-04-13 11:30:00,Brennan Johnson,Cross
573409,15,BlockedShot,0.924000015258789,0.7180000305175781,0.041825950145721436,Timo Werner,a,65,OpenPlay,2023,RightFoot,22222,Newcastle United,Tottenham,4,0,2024-04-13 11:30:00,Son Heung-Min,Chipped
573411,16,MissedShots,0.9459999847412109,0.595999984741211,0.131307452917099,Timo Werner,a,65,OpenPlay,2023,LeftFoot,22222,Newcastle United,Tottenham,4,0,2024-04-13 11:30:00,James Maddison,Pass
573417,41,SavedShot,0.785,0.6320000076293946,0.027965936809778214,James Maddison,a,6818,OpenPlay,2023,RightFoot,22222,Newcastle United,Tottenham,4,0,2024-04-13 11:30:00,Son Heung-Min,Pass
573420,49,SavedShot,0.7880000305175782,0.6919999694824219,0.02097717672586441,Timo Werner,a,65,OpenPlay,2023,RightFoot,22222,Newcastle United,Tottenham,4,0,2024-04-13 11:30:00,James Maddison,Pass
573422,60,MissedShots,0.765,0.33799999237060546,0.015367199666798115,Brennan Johnson,a,10760,OpenPlay,2023,RightFoot,22222,Newcastle United,Tottenham,4,0,2024-04-13 11:30:00,Pierre-Emile Højbjerg,Chipped
573425,64,BlockedShot,0.960999984741211,0.6809999847412109,0.07749179750680923,Dejan Kulusevski,a,6691,OpenPlay,2023,LeftFoot,22222,Newcastle United,Tottenham,4,0,2024-04-13 11:30:00,James Maddison,Throughball
573426,69,MissedShots,0.7330000305175781,0.6020000076293945,0.011929097585380077,James Maddison,a,6818,OpenPlay,2023,RightFoot,22222,Newcastle United,Tottenham,4,0,2024-04-13 11:30:00,Iyenoma Destiny Udogie,Pass
573427,69,BlockedShot,0.915,0.26600000381469724,0.017446797341108322,Dejan Kulusevski,a,6691,OpenPlay,2023,LeftFoot,22222,Newcastle United,Tottenham,4,0,2024-04-13 11:30:00,James Maddison,Cross
577217,11,MissedShots,0.825,0.36400001525878906,0.04029727727174759,James Maddison,h,6818,OpenPlay,2023,RightFoot,22241,Tottenham,Arsenal,2,3,2024-04-28 13:00:00,Son Heung-Min,Pass
577220,20,ShotOnPost,0.9590000152587891,0.4470000076293945,0.4592956602573395,Cristian Romero,h,7218,SetPiece,2023,Head,22241,Tottenham,Arsenal,2,3,2024-04-28 13:00:00,James Maddison,Aerial
577221,21,BlockedShot,0.78,0.5720000076293945,0.02714565582573414,Dejan Kulusevski,h,6691,OpenPlay,2023,LeftFoot,22241,Tottenham,Arsenal,2,3,2024-04-28 13:00:00,,BallRecovery
577222,21,BlockedShot,0.725,0.40299999237060546,0.0138865876942873,Pedro Porro,h,6912,FromCorner,2023,RightFoot,22241,Tottenham,Arsenal,2,3,2024-04-28 13:00:00,,None
577226,48,MissedShots,0.845999984741211,0.37,0.038339488208293915,Pedro Porro,h,6912,OpenPlay,2023,RightFoot,22241,Tottenham,Arsenal,2,3,2024-04-28 13:00:00,,None
577227,50,BlockedShot,0.914000015258789,0.495,0.11130133271217346,Brennan Johnson,h,10760,FromCorner,2023,RightFoot,22241,Tottenham,Arsenal,2,3,2024-04-28 13:00:00,,None
577228,50,BlockedShot,0.8919999694824219,0.4859999847412109,0.08008977770805359,Brennan Johnson,h,10760,FromCorner,2023,RightFoot,22241,Tottenham,Arsenal,2,3,2024-04-28 13:00:00,,BallTouch
577230,50,MissedShots,0.9540000152587891,0.47700000762939454,0.5857158303260803,Cristian Romero,h,7218,OpenPlay,2023,Head,22241,Tottenham,Arsenal,2,3,2024-04-28 13:00:00,Dejan Kulusevski,Cross
577232,56,MissedShots,0.870999984741211,0.27799999237060546,0.041941747069358826,Pedro Porro,h,6912,OpenPlay,2023,RightFoot,22241,Tottenham,Arsenal,2,3,2024-04-28 13:00:00,Dejan Kulusevski,Pass
577234,63,Goal,0.8180000305175781,0.4859999847412109,0.05250925570726395,Cristian Romero,h,7218,OpenPlay,2023,RightFoot,22241,Tottenham,Arsenal,2,3,2024-04-28 13:00:00,,BallRecovery
577237,83,BlockedShot,0.9119999694824219,0.49700000762939456,0.08248989284038544,Cristian Romero,h,7218,OpenPlay,2023,LeftFoot,22241,Tottenham,Arsenal,2,3,2024-04-28 13:00:00,Pape Sarr,Cross
577972,5,BlockedShot,0.845,0.34299999237060547,0.05011305212974548,Brennan Johnson,a,10760,OpenPlay,2023,RightFoot,22149,Chelsea,Tottenham,2,0,2024-05-02 18:30:00,Dejan Kulusevski,Pass
577979,37,MissedShots,0.9490000152587891,0.5220000076293946,0.09742669761180878,Cristian Romero,a,7218,SetPiece,2023,Head,22149,Chelsea,Tottenham,2,0,2024-05-02 18:30:00,Pedro Porro,Aerial
577983,45,BlockedShot,0.8469999694824218,0.4540000152587891,0.058295249938964844,Dejan Kulusevski,a,6691,OpenPlay,2023,LeftFoot,22149,Chelsea,Tottenham,2,0,2024-05-02 18:30:00,,None
577985,52,BlockedShot,0.9630000305175781,0.575999984741211,0.1286783665418625,Richarlison,a,6026,OpenPlay,2023,RightFoot,22149,Chelsea,Tottenham,2,0,2024-05-02 18:30:00,Dejan Kulusevski,Pass
577987,61,SavedShot,0.9490000152587891,0.29399999618530276,0.04844905808568001,Pedro Porro,a,6912,OpenPlay,2023,RightFoot,22149,Chelsea,Tottenham,2,0,2024-05-02 18:30:00,Pape Sarr,Pass
577993,73,MissedShots,0.9259999847412109,0.6359999847412109,0.258048415184021,Brennan Johnson,a,10760,OpenPlay,2023,RightFoot,22149,Chelsea,Tottenham,2,0,2024-05-02 18:30:00,Pierre-Emile Højbjerg,Cross
577995,88,SavedShot,0.7319999694824219,0.47900001525878905,0.015844352543354034,Rodrigo Bentancur,a,6108,OpenPlay,2023,RightFoot,22149,Chelsea,Tottenham,2,0,2024-05-02 18:30:00,Son Heung-Min,Pass
577996,89,BlockedShot,0.93,0.625,0.05858255922794342,Rodrigo Bentancur,a,6108,OpenPlay,2023,LeftFoot,22149,Chelsea,Tottenham,2,0,2024-05-02 18:30:00,Bryan Gil Salvatierra,Cross
577998,90,BlockedShot,0.8130000305175781,0.6780000305175782,0.03044363670051098,James Maddison,a,6818,FromCorner,2023,RightFoot,22149,Chelsea,Tottenham,2,0,2024-05-02 18:30:00,,Rebound
577999,90,BlockedShot,0.9159999847412109,0.5479999923706055,0.03375520929694176,Cristian Romero,a,7218,FromCorner,2023,Head,22149,Chelsea,Tottenham,2,0,2024-05-02 18:30:00,Giovani Lo Celso,Aerial
578001,91,MissedShots,0.87,0.47200000762939454,0.14381298422813416,Rodrigo Bentancur,a,6108,OpenPlay,2023,RightFoot,22149,Chelsea,Tottenham,2,0,2024-05-02 18:30:00,Son Heung-Min,Pass
578002,92,MissedShots,0.7290000152587891,0.4829999923706055,0.015466048382222652,James Maddison,a,6818,OpenPlay,2023,RightFoot,22149,Chelsea,Tottenham,2,0,2024-05-02 18:30:00,Giovani Lo Celso,Pass
579001,2,MissedShots,0.7919999694824219,0.629000015258789,0.021188629791140556,Yves Bissouma,a,5609,SetPiece,2023,RightFoot,22251,Liverpool,Tottenham,4,2,2024-05-05 15:30:00,,None
579019,53,SavedShot,0.9009999847412109,0.47400001525878904,0.26026877760887146,Brennan Johnson,a,10760,OpenPlay,2023,Head,22251,Liverpool,Tottenham,4,2,2024-05-05 15:30:00,Pedro Porro,Cross
579020,57,MissedShots,0.525,0.13100000381469726,0.004986682441085577,Pedro Porro,a,6912,OpenPlay,2023,RightFoot,22251,Liverpool,Tottenham,4,2,2024-05-05 15:30:00,,None
579022,61,BlockedShot,0.78,0.5629999923706055,0.08975673466920853,James Maddison,a,6818,DirectFreekick,2023,RightFoot,22251,Liverpool,Tottenham,4,2,2024-05-05 15:30:00,,Standard
579023,62,SavedShot,0.769000015258789,0.4809999847412109,0.02455371990799904,James Maddison,a,6818,SetPiece,2023,LeftFoot,22251,Liverpool,Tottenham,4,2,2024-05-05 15:30:00,Brennan Johnson,Pass
579024,65,MissedShots,0.8040000152587891,0.6669999694824219,0.02667997218668461,James Maddison,a,6818,OpenPlay,2023,LeftFoot,22251,Liverpool,Tottenham,4,2,2024-05-05 15:30:00,,BallTouch
579026,71,Goal,0.924000015258789,0.43400001525878906,0.28302261233329773,Richarlison,a,6026,OpenPlay,2023,RightFoot,22251,Liverpool,Tottenham,4,2,2024-05-05 15:30:00,Brennan Johnson,Cross
579032,86,SavedShot,0.9259999847412109,0.6780000305175782,0.06270196288824081,Richarlison,a,6026,OpenPlay,2023,LeftFoot,22251,Liverpool,Tottenham,4,2,2024-05-05 15:30:00,Son Heung-Min,Pass
579898,3,BlockedShot,0.860999984741211,0.3679999923706055,0.07187706232070923,James Maddison,h,6818,OpenPlay,2023,RightFoot,22262,Tottenham,Burnley,2,1,2024-05-11 14:00:00,Son Heung-Min,Pass
579900,6,SavedShot,0.895,0.3160000038146973,0.20147112011909485,Brennan Johnson,h,10760,OpenPlay,2023,RightFoot,22262,Tottenham,Burnley,2,1,2024-05-11 14:00:00,Dejan Kulusevski,Cross
579904,28,MissedShots,0.8140000152587891,0.28399999618530275,0.019787274301052094,Pedro Porro,h,6912,OpenPlay,2023,RightFoot,22262,Tottenham,Burnley,2,1,2024-05-11 14:00:00,Dejan Kulusevski,TakeOn
579905,31,Goal,0.8819999694824219,0.31799999237060544,0.05462588369846344,Pedro Porro,h,6912,OpenPlay,2023,RightFoot,22262,Tottenham,Burnley,2,1,2024-05-11 14:00:00,Brennan Johnson,Pass
579907,33,MissedShots,0.970999984741211,0.2720000076293945,0.2907385528087616,Brennan Johnson,h,10760,OpenPlay,2023,RightFoot,22262,Tottenham,Burnley,2,1,2024-05-11 14:00:00,,BallRecovery
579911,53,BlockedShot,0.7330000305175781,0.605999984741211,0.015815390273928642,James Maddison,h,6818,OpenPlay,2023,RightFoot,22262,Tottenham,Burnley,2,1,2024-05-11 14:00:00,Brennan Johnson,BallTouch
579912,53,MissedShots,0.9780000305175781,0.29100000381469726,0.04873543977737427,Pedro Porro,h,6912,OpenPlay,2023,RightFoot,22262,Tottenham,Burnley,2,1,2024-05-11 14:00:00,Son Heung-Min,Pass
579916,58,SavedShot,0.9209999847412109,0.5770000076293945,0.433563768863678,James Maddison,h,6818,OpenPlay,2023,LeftFoot,22262,Tottenham,Burnley,2,1,2024-05-11 14:00:00,Brennan Johnson,TakeOn
579918,65,SavedShot,0.894000015258789,0.53,0.031448230147361755,Cristian Romero,h,7218,SetPiece,2023,Head,22262,Tottenham,Burnley,2,1,2024-05-11 14:00:00,Dejan Kulusevski,Aerial
579919,67,SavedShot,0.8780000305175781,0.30200000762939455,0.04949703440070152,Dejan Kulusevski,h,6691,OpenPlay,2023,LeftFoot,22262,Tottenham,Burnley,2,1,2024-05-11 14:00:00,,BallRecovery
579920,71,MissedShots,0.874000015258789,0.30700000762939456,0.05048079788684845,Pedro Porro,h,6912,OpenPlay,2023,RightFoot,22262,Tottenham,Burnley,2,1,2024-05-11 14:00:00,Son Heung-Min,Pass
579921,77,MissedShots,0.9880000305175781,0.4470000076293945,0.8345728516578674,Brennan Johnson,h,10760,OpenPlay,2023,RightFoot,22262,Tottenham,Burnley,2,1,2024-05-11 14:00:00,Son Heung-Min,Pass
579924,84,BlockedShot,0.8619999694824219,0.5209999847412109,0.11148706823587418,Rodrigo Bentancur,h,6108,OpenPlay,2023,LeftFoot,22262,Tottenham,Burnley,2,1,2024-05-11 14:00:00,Son Heung-Min,Pass
579925,85,SavedShot,0.8980000305175782,0.5070000076293946,0.24333415925502777,Cristian Romero,h,7218,FromCorner,2023,Head,22262,Tottenham,Burnley,2,1,2024-05-11 14:00:00,James Maddison,Cross
579913,56,BlockedShot,0.855,0.634000015258789,0.06087777391076088,Wilson Odobert,a,10822,OpenPlay,2023,RightFoot,22262,Tottenham,Burnley,2,1,2024-05-11 14:00:00,Charlie Taylor,BallRecovery
580952,5,SavedShot,0.855,0.46299999237060546,0.09981914609670639,Rodrigo Bentancur,h,6108,OpenPlay,2023,LeftFoot,22233,Tottenham,Manchester City,0,2,2024-05-14 19:00:00,Brennan Johnson,Pass
580955,17,MissedShots,0.914000015258789,0.49599998474121093,0.03825774043798447,Cristian Romero,h,7218,FromCorner,2023,Head,22233,Tottenham,Manchester City,0,2,2024-05-14 19:00:00,James Maddison,Aerial
580962,70,SavedShot,0.9669999694824218,0.4209999847412109,0.5032688975334167,Dejan Kulusevski,h,6691,OpenPlay,2023,RightFoot,22233,Tottenham,Manchester City,0,2,2024-05-14 19:00:00,,None
580963,77,MissedShots,0.8340000152587891,0.28600000381469726,0.024381427094340324,Dejan Kulusevski,h,6691,FromCorner,2023,LeftFoot,22233,Tottenham,Manchester City,0,2,2024-05-14 19:00:00,James Maddison,Pass
580964,79,SavedShot,0.985999984741211,0.34700000762939454,0.29516109824180603,Dejan Kulusevski,h,6691,OpenPlay,2023,LeftFoot,22233,Tottenham,Manchester City,0,2,2024-05-14 19:00:00,,None
582075,13,Goal,0.895,0.6559999847412109,0.07824524492025375,Dejan Kulusevski,a,6691,OpenPlay,2023,LeftFoot,22274,Sheffield United,Tottenham,0,3,2024-05-19 15:00:00,Son Heung-Min,Pass
582076,20,SavedShot,0.9019999694824219,0.38,0.1386529952287674,Dejan Kulusevski,a,6691,OpenPlay,2023,RightFoot,22274,Sheffield United,Tottenham,0,3,2024-05-19 15:00:00,James Maddison,Throughball
582077,23,BlockedShot,0.8,0.46900001525878904,0.05954171344637871,Dejan Kulusevski,a,6691,OpenPlay,2023,LeftFoot,22274,Sheffield United,Tottenham,0,3,2024-05-19 15:00:00,Pedro Porro,Pass
582078,23,BlockedShot,0.9209999847412109,0.455,0.13048259913921356,James Maddison,a,6818,OpenPlay,2023,RightFoot,22274,Sheffield United,Tottenham,0,3,2024-05-19 15:00:00,Brennan Johnson,Cross
582079,28,ShotOnPost,0.8180000305175781,0.514000015258789,0.03540795296430588,Rodrigo Bentancur,a,6108,FromCorner,2023,RightFoot,22274,Sheffield United,Tottenham,0,3,2024-05-19 15:00:00,Cristian Romero,BallTouch
582081,28,MissedShots,0.9230000305175782,0.4879999923706055,0.3988788425922394,Cristian Romero,a,7218,FromCorner,2023,RightFoot,22274,Sheffield United,Tottenham,0,3,2024-05-19 15:00:00,Pedro Porro,Cross
582082,32,SavedShot,0.7919999694824219,0.33,0.03151437267661095,Pedro Porro,a,6912,OpenPlay,2023,RightFoot,22274,Sheffield United,Tottenham,0,3,2024-05-19 15:00:00,James Maddison,Pass
582085,45,SavedShot,0.9209999847412109,0.5370000076293945,0.7027454376220703,James Maddison,a,6818,OpenPlay,2023,RightFoot,22274,Sheffield United,Tottenham,0,3,2024-05-19 15:00:00,Son Heung-Min,Pass
582086,45,BlockedShot,0.9380000305175781,0.3270000076293945,0.09135160595178604,Brennan Johnson,a,10760,OpenPlay,2023,RightFoot,22274,Sheffield United,Tottenham,0,3,2024-05-19 15:00:00,Dejan Kulusevski,Pass
582087,58,Goal,0.865999984741211,0.39099998474121095,0.08259935677051544,Pedro Porro,a,6912,OpenPlay,2023,RightFoot,22274,Sheffield United,Tottenham,0,3,2024-05-19 15:00:00,Brennan Johnson,Pass
582089,64,Goal,0.9080000305175782,0.555,0.14450928568840027,Dejan Kulusevski,a,6691,OpenPlay,2023,RightFoot,22274,Sheffield United,Tottenham,0,3,2024-05-19 15:00:00,James Maddison,Pass
582090,78,SavedShot,0.9069999694824219,0.48,0.027161676436662674,Cristian Romero,a,7218,FromCorner,2023,Head,22274,Sheffield United,Tottenham,0,3,2024-05-19 15:00:00,James Maddison,Aerial
582092,81,MissedShots,0.9690000152587891,0.4540000152587891,0.901846170425415,Brennan Johnson,a,10760,OpenPlay,2023,RightFoot,22274,Sheffield United,Tottenham,0,3,2024-05-19 15:00:00,Son Heung-Min,Throughball
582093,84,BlockedShot,0.8540000152587891,0.33,0.0675320103764534,Dejan Kulusevski,a,6691,OpenPlay,2023,LeftFoot,22274,Sheffield United,Tottenham,0,3,2024-05-19 15:00:00,Son Heung-Min,Pass
